date,close,vol,pct
2019-01-15,865.1,33590000.0,0.0066
2019-01-16,864.29,33030000.0,-0.0009
2019-01-17,853.34,31740000.0,-0.0127
2019-01-18,854.79,28300000.0,0.0017000000000000001
2019-01-21,864.1,46180000.0,0.0109
2019-01-22,859.17,36100000.0,-0.005699999999999999
2019-01-23,861.73,35620000.0,0.003
2019-01-24,865.52,35100000.0,0.0044
2019-01-25,867.7,34850000.0,0.0025
2019-01-28,868.76,24720000.0,0.0012
2019-01-29,872.03,30050000.0,0.0038
2019-01-30,869.16,33259999.999999996,-0.0033
2019-01-31,866.06,46950000.0,-0.0036
2019-02-01,859.81,41900000.0,-0.0072
2019-02-11,878.67,39940000.0,0.0219
2019-02-12,888.33,62160000.0,0.011000000000000001
2019-02-13,897.42,65640000.0,0.0102
2019-02-14,900.12,50280000.0,0.003
2019-02-15,897.74,50970000.0,-0.0026
2019-02-18,904.93,51220000.0,0.008
2019-02-19,907.82,78090000.0,0.0032
2019-02-20,911.8,53100000.0,0.0044
2019-02-21,926.09,63250000.0,0.015700000000000002
2019-02-22,929.5,74940000.0,0.0037
2019-02-25,939.47,68470000.0,0.010700000000000001
2019-02-26,929.51,58440000.0,-0.0106
2019-02-27,930.54,54960000.0,0.0011
2019-02-28,904.98,71560000.0,-0.0275
2019-03-01,915.32,39640000.0,0.011399999999999999
2019-03-04,928.42,51480000.0,0.0143
2019-03-05,923.66,56230000.0,-0.0051
2019-03-06,923.58,36430000.0,-0.0001
2019-03-07,922.29,51390000.0,-0.0014000000000000002
2019-03-08,914.74,41840000.0,-0.008199999999999999
2019-03-11,916.24,32009999.999999996,0.0016
2019-03-12,929.86,59910000.0,0.0149
2019-03-13,935.41,72240000.0,0.006
2019-03-14,934.42,51530000.0,-0.0011
2019-03-15,927.06,72930000.0,-0.0079
2019-03-18,932.75,61800000.0,0.0060999999999999995
2019-03-19,927.56,56480000.0,-0.005600000000000001
2019-03-20,924.12,59410000.0,-0.0037
2019-03-21,907.87,53920000.0,-0.0176
2019-03-22,912.27,46660000.0,0.0048
2019-03-25,893.4,53510000.0,-0.0207
2019-03-26,894.58,38010000.0,0.0013
2019-03-27,901.76,32700000.000000004,0.008
2019-03-28,901.65,31100000.0,-0.0001
2019-03-29,900.13,45010000.0,-0.0017000000000000001
2019-04-01,905.87,40150000.0,0.0064
2019-04-02,903.59,35220000.0,-0.0025
2019-04-03,901.5,34510000.0,-0.0023
2019-04-04,904.33,32080000.0,0.0031
2019-04-05,904.69,30170000.0,0.0004
2019-04-08,906.55,33280000.0,0.0021
2019-04-09,900.07,42510000.0,-0.0070999999999999995
2019-04-10,893.19,34640000.0,-0.0076
2019-04-11,896.04,24750000.0,0.0032
2019-04-12,893.1,27810000.0,-0.0033
2019-04-16,887.76,36540000.0,-0.006
2019-04-17,885.66,34640000.0,-0.0024
2019-04-18,877.02,39360000.0,-0.0098
2019-04-19,880.52,26150000.0,0.004
2019-04-22,878.23,34290000.0,-0.0026
2019-04-23,878.29,37900000.0,0.0001
2019-04-24,888.65,35010000.0,0.0118
2019-04-25,885.65,29180000.0,-0.0034000000000000002
2019-04-26,890.55,34570000.0,0.0055000000000000005
2019-05-02,893.87,36440000.0,0.0037
2019-05-03,895.42,47860000.0,0.0017000000000000001
2019-05-06,878.8,41220000.0,-0.018600000000000002
2019-05-07,877.02,36430000.0,-0.002
2019-05-08,872.78,38550000.0,-0.0048
2019-05-09,871.5,39320000.0,-0.0015
2019-05-10,876.45,34860000.0,0.005699999999999999
2019-05-13,879.64,37920000.0,0.0036
2019-05-14,882.67,39070000.0,0.0034000000000000002
2019-05-15,893.22,46180000.0,0.012
2019-05-16,891.93,39250000.0,-0.0014000000000000002
2019-05-17,890.53,40030000.0,-0.0016
2019-05-20,901.06,42540000.0,0.0118
2019-05-21,901.36,43010000.0,0.0003
2019-05-22,897.66,43390000.0,-0.0040999999999999995
2019-05-23,895.07,30510000.0,-0.0029
2019-05-24,884.48,44870000.0,-0.0118
2019-05-27,889.2,29660000.0,0.0053
2019-05-28,885.27,30930000.0,-0.0044
2019-05-29,883.52,33830000.0,-0.002
2019-05-30,883.37,29870000.0,-0.0002
2019-05-31,876.29,34300000.0,-0.008
2019-06-03,864.08,51470000.0,-0.0139
2019-06-04,864.35,32530000.0,0.0003
2019-06-05,863.69,27110000.0,-0.0008
2019-06-06,861.31,38240000.0,-0.0028000000000000004
2019-06-07,869.56,33450000.000000004,0.0096
2019-06-10,872.49,44470000.0,0.0034000000000000002
2019-06-11,870.91,29460000.0,-0.0018
2019-06-12,865.42,32450000.000000004,-0.0063
2019-06-13,859.68,32320000.0,-0.0066
2019-06-14,861.65,34400000.0,0.0023
2019-06-17,852.99,40070000.0,-0.0101
2019-06-18,848.17,43000000.0,-0.005699999999999999
2019-06-19,854.34,39850000.0,0.0073
2019-06-20,864.59,53360000.0,0.012
2019-06-21,866.53,72300000.0,0.0022
2019-06-24,868.94,40700000.0,0.0028000000000000004
2019-06-25,868.5,38480000.0,-0.0005
2019-06-26,866.81,41570000.0,-0.0019
2019-06-27,854.41,44970000.0,-0.0143
2019-06-28,864.24,43760000.0,0.0115
2019-07-01,876.26,49230000.0,0.0139
2019-07-02,872.92,38740000.0,-0.0038
2019-07-03,869.58,42590000.0,-0.0038
2019-07-04,879.72,49310000.0,0.011699999999999999
2019-07-05,880.23,41270000.0,0.0006
2019-07-08,870.92,44400000.0,-0.0106
2019-07-09,872.21,41060000.0,0.0015
2019-07-10,876.12,41860000.0,0.0045000000000000005
2019-07-11,879.1,39210000.0,0.0034000000000000002
2019-07-12,874.99,46830000.0,-0.004699999999999999
2019-07-15,873.71,42050000.0,-0.0015
2019-07-16,880.91,48670000.0,0.008199999999999999
2019-07-17,879.75,59850000.0,-0.0013
2019-07-18,870.81,44970000.0,-0.0102
2019-07-19,880.79,63930000.0,0.0115
2019-07-22,879.62,48840000.0,-0.0013
2019-07-23,888.26,48220000.0,0.0098
2019-07-24,887.39,46410000.0,-0.001
2019-07-25,890.41,54560000.0,0.0034000000000000002
2019-07-26,887.84,45310000.0,-0.0029
2019-07-29,888.54,44920000.0,0.0008
2019-07-30,877.92,44930000.0,-0.012
2019-07-31,883.19,43400000.0,0.006
2019-08-01,887.39,41760000.0,0.0048
2019-08-02,885.29,54740000.0,-0.0024
2019-08-05,872.39,53470000.0,-0.0146
2019-08-06,866.13,52910000.0,-0.0072
2019-08-07,868.27,40020000.0,0.0025
2019-08-08,875.81,58880000.0,0.0087
2019-08-09,878.62,46670000.0,0.0032
2019-08-12,882.23,44750000.0,0.0040999999999999995
2019-08-13,877.97,59070000.0,-0.0048
2019-08-14,880.51,44300000.0,0.0029
2019-08-15,890.78,50400000.0,0.011699999999999999
2019-08-16,892.44,70250000.0,0.0019
2019-08-19,891.78,39310000.0,-0.0007000000000000001
2019-08-20,894.45,41240000.0,0.003
2019-08-21,900.54,56160000.0,0.0068000000000000005
2019-08-22,901.29,46930000.0,0.0008
2019-08-23,900.53,49590000.0,-0.0008
2019-08-26,892.48,65310000.0,-0.0089
2019-08-27,886.91,59290000.0,-0.0062
2019-08-28,886.08,41620000.0,-0.0009
2019-08-29,889.13,42610000.0,0.0034000000000000002
2019-08-30,892.51,40840000.0,0.0038
2019-09-03,888.97,45770000.0,-0.004
2019-09-04,887.12,41240000.0,-0.0021
2019-09-05,886.1,42080000.0,-0.0011
2019-09-06,885.95,40540000.0,-0.0002
2019-09-09,885.61,37160000.0,-0.0004
2019-09-10,883.04,46270000.0,-0.0029
2019-09-11,885.52,34850000.0,0.0028000000000000004
2019-09-12,894.32,48190000.0,0.009899999999999999
2019-09-13,905.05,67620000.0,0.012
2019-09-16,908.6,52500000.0,0.0039000000000000003
2019-09-17,912.38,49770000.0,0.0042
2019-09-18,913.48,64920000.0,0.0012
2019-09-19,918.88,57540000.0,0.0059
2019-09-20,915.16,72090000.0,-0.004
2019-09-23,909.98,63690000.0,-0.005699999999999999
2019-09-24,910.76,50420000.0,0.0009
2019-09-25,912.42,51190000.0,0.0018
2019-09-26,918.1,61820000.0,0.0062
2019-09-27,924.83,64120000.00000001,0.0073
2019-09-30,922.89,63290000.0,-0.0021
2019-10-01,926.31,59810000.0,0.0037
2019-10-02,919.73,69140000.0,-0.0070999999999999995
2019-10-03,921.7,63660000.0,0.0021
2019-10-04,915.16,62010000.0,-0.0070999999999999995
2019-10-07,907.5,60840000.0,-0.0084
2019-10-08,915.27,65239999.99999999,0.0086
2019-10-09,914.54,62570000.0,-0.0008
2019-10-10,913.05,54840000.0,-0.0016
2019-10-11,916.68,61850000.0,0.004
2019-10-14,921.91,81660000.0,0.005699999999999999
2019-10-15,923.27,55000000.0,0.0015
2019-10-16,924.64,55090000.0,0.0015
2019-10-17,919.1,65010000.00000001,-0.006
2019-10-18,919.13,57610000.0,0.0
2019-10-21,914.0,63510000.0,-0.005600000000000001
2019-10-22,916.81,59080000.0,0.0031
2019-10-23,919.61,55200000.0,0.0031
2019-10-24,925.25,59250000.0,0.0060999999999999995
2019-10-25,927.05,56300000.0,0.0019
2019-10-28,925.97,60010000.0,-0.0012
2019-10-29,923.97,59000000.0,-0.0022
2019-10-30,925.07,56670000.0,0.0012
2019-10-31,922.68,63150000.0,-0.0026
2019-11-01,933.55,76840000.0,0.0118
2019-11-04,940.25,87340000.0,0.0072
2019-11-05,942.34,71490000.0,0.0022
2019-11-06,942.38,75020000.0,0.0
2019-11-07,944.25,76230000.0,0.002
2019-11-08,944.7,74210000.0,0.0005
2019-11-11,939.72,80100000.0,-0.0053
2019-11-12,939.82,66250000.0,0.0001
2019-11-13,932.6,76760000.0,-0.0077
2019-11-14,928.44,78620000.0,-0.0045000000000000005
2019-11-15,927.36,66129999.99999999,-0.0012
2019-11-18,920.95,69840000.0,-0.0069
2019-11-19,926.07,63690000.0,0.005600000000000001
2019-11-20,917.0,72570000.0,-0.0098
2019-11-21,898.23,83040000.0,-0.020499999999999997
2019-11-22,892.31,82100000.0,-0.0066
2019-11-25,894.8,63820000.0,0.0028000000000000004
2019-11-26,897.5,68550000.0,0.003
2019-11-27,895.06,58430000.0,-0.0027
2019-11-28,885.7,69370000.0,-0.0105
2019-11-29,887.47,60330000.0,0.002
2019-12-02,875.1,76460000.0,-0.0139
2019-12-03,868.68,77470000.0,-0.0073
2019-12-04,883.56,74530000.0,0.0171
2019-12-05,879.32,61680000.0,-0.0048
2019-12-06,880.43,60750000.0,0.0013
2019-12-09,879.94,64150000.00000001,-0.0006
2019-12-10,873.16,72500000.0,-0.0077
2019-12-11,878.27,66720000.0,0.0059
2019-12-12,884.8,57450000.0,0.0074
2019-12-13,880.55,65819999.99999999,-0.0048
2019-12-16,876.65,67010000.00000001,-0.0044
2019-12-17,867.44,72410000.0,-0.0105
2019-12-18,863.16,69570000.0,-0.0049
2019-12-19,862.23,68010000.0,-0.0011
2019-12-20,868.37,69390000.0,0.0070999999999999995
2019-12-23,868.2,72190000.0,-0.0002
2019-12-24,869.88,57930000.0,0.0019
2019-12-25,873.18,53690000.0,0.0038
2019-12-26,872.07,40380000.0,-0.0013
2019-12-27,876.38,26810000.0,0.0049
2019-12-30,880.29,33520000.000000004,0.0045000000000000005
2019-12-31,879.06,44430000.0,-0.0014000000000000002
2020-01-02,886.88,50390000.0,0.0089
2020-01-03,883.28,43220000.0,-0.0040999999999999995
2020-01-06,872.34,36870000.0,-0.0124
2020-01-07,876.7,40280000.0,0.005
2020-01-08,865.18,53100000.0,-0.0131
2020-01-09,877.76,45710000.0,0.014499999999999999
2020-01-10,885.52,72860000.0,0.0088
2020-01-13,881.79,32549999.999999996,-0.0042
2020-01-14,884.77,50680000.0,0.0034000000000000002
2020-01-15,885.36,35670000.0,0.0007000000000000001
2020-01-16,891.96,63480000.0,0.0075
2020-01-17,894.84,48880000.0,0.0032
2020-01-20,897.4,39720000.0,0.0029
2020-01-21,906.52,57330000.0,0.0102
2020-01-22,909.09,51710000.0,0.0028000000000000004
2020-01-30,875.82,80140000.0,-0.0366
2020-01-31,848.63,83270000.0,-0.031
2020-02-03,842.67,91770000.0,-0.006999999999999999
2020-02-04,845.52,73130000.0,0.0034000000000000002
2020-02-05,845.31,63590000.0,-0.0002
2020-02-06,862.86,97620000.0,0.0208
2020-02-07,863.49,72830000.0,0.0007000000000000001
2020-02-10,852.87,46860000.0,-0.0123
2020-02-11,856.39,70070000.0,0.0040999999999999995
2020-02-12,863.23,80780000.0,0.008
2020-02-13,864.16,58430000.0,0.0011
2020-02-14,865.86,74650000.0,0.002
2020-02-17,866.27,58440000.0,0.0005
2020-02-18,861.71,60230000.0,-0.0053
2020-02-19,863.84,52570000.0,0.0025
2020-02-20,871.4,59010000.0,0.0088
2020-02-21,868.89,66760000.00000001,-0.0029
2020-02-24,837.4,95170000.0,-0.0362
2020-02-25,849.58,69290000.0,0.014499999999999999
2020-02-26,841.68,54640000.0,-0.009300000000000001
2020-02-27,848.34,55420000.0,0.0079
2020-02-28,831.97,69890000.0,-0.019299999999999998
2020-03-02,835.42,69310000.0,0.0040999999999999995
2020-03-03,837.99,64180000.00000001,0.0031
2020-03-04,837.99,52990000.0,0.0
2020-03-05,839.12,67019999.99999999,0.0013
2020-03-06,835.97,53910000.0,-0.0038
2020-03-09,782.85,107130000.0,-0.0635
2020-03-10,789.51,90060000.0,0.0085
2020-03-11,758.16,99250000.0,-0.0397
2020-03-12,719.21,113240000.0,-0.051399999999999994
2020-03-13,716.65,113470000.0,-0.0036
2020-03-16,698.18,74030000.0,-0.0258
2020-03-17,699.73,80440000.0,0.0022
2020-03-18,700.65,77440000.0,0.0013
2020-03-19,679.55,73190000.0,-0.0301
2020-03-20,673.7,81170000.0,-0.0086
2020-03-23,632.86,81060000.0,-0.060599999999999994
2020-03-24,625.43,85900000.0,-0.011699999999999999
2020-03-25,652.31,86270000.0,0.043
2020-03-26,646.7,74100000.0,-0.0086
2020-03-27,642.23,102650000.0,-0.0069
2020-03-30,613.02,81040000.0,-0.0455
2020-03-31,610.76,77470000.0,-0.0037
2020-04-01,628.79,73250000.0,0.029500000000000002
2020-04-03,649.15,84130000.0,0.032400000000000005
2020-04-06,682.65,127160000.0,0.0516
2020-04-07,693.61,117080000.0,0.0161
2020-04-08,691.17,76670000.0,-0.0034999999999999996
2020-04-09,697.85,111270000.0,0.0097
2020-04-10,695.74,146870000.0,-0.003
2020-04-13,706.37,82300000.0,0.015300000000000001
2020-04-14,713.81,94920000.0,0.0105
2020-04-15,722.8,91990000.0,0.0126
2020-04-16,726.57,72700000.0,0.0052
2020-04-17,734.98,100570000.0,0.0116
2020-04-20,736.31,99010000.0,0.0018
2020-04-21,706.65,128949999.99999999,-0.0403
2020-04-22,714.42,86110000.0,0.011000000000000001
2020-04-23,717.49,63430000.0,0.0043
2020-04-24,725.05,64550000.0,0.0105
2020-04-27,719.66,81800000.0,-0.0074
2020-04-28,715.74,64780000.0,-0.0054
2020-04-29,715.33,69760000.0,-0.0006
2020-05-04,709.35,65870000.00000001,-0.0084
2020-05-05,711.01,48700000.0,0.0023
2020-05-06,725.94,77210000.0,0.021
2020-05-07,739.98,82600000.0,0.019299999999999998
2020-05-08,760.15,146260000.0,0.0273
2020-05-11,777.13,107520000.0,0.0223
2020-05-12,782.45,104560000.0,0.0068000000000000005
2020-05-13,783.69,122450000.0,0.0016
2020-05-14,780.73,86240000.0,-0.0038
2020-05-15,773.95,80440000.0,-0.0087
2020-05-18,787.27,81990000.0,0.0172
2020-05-19,799.31,119340000.0,0.015300000000000001
2020-05-20,803.32,97440000.0,0.005
2020-05-21,815.55,134970000.0,0.0152
2020-05-22,803.14,95160000.0,-0.0152
2020-05-25,807.25,81740000.0,0.0051
2020-05-26,815.01,101930000.0,0.0096
2020-05-27,801.36,119120000.0,-0.0167
2020-05-28,804.06,91470000.0,0.0034000000000000002
2020-05-29,806.23,76810000.0,0.0027
2020-06-01,821.47,176780000.0,0.0189
2020-06-02,818.7,147390000.0,-0.0034000000000000002
2020-06-03,824.29,89260000.0,0.0068000000000000005
2020-06-04,823.77,135470000.0,-0.0006
2020-06-05,826.47,147690000.0,0.0033
2020-06-08,838.52,155920000.0,0.0146
2020-06-09,837.02,152490000.0,-0.0018
2020-06-10,839.11,164040000.0,0.0025
2020-06-11,806.87,191850000.0,-0.0384
2020-06-12,807.76,183060000.0,0.0011
2020-06-15,778.71,141900000.0,-0.036000000000000004
2020-06-16,798.82,84860000.0,0.0258
2020-06-17,796.43,76200000.0,-0.003
2020-06-18,797.08,58890000.0,0.0008
2020-06-19,808.28,81050000.0,0.0141
2020-06-22,809.97,68480000.0,0.0021
2020-06-23,807.61,95810000.0,-0.0029
2020-06-24,801.62,74690000.0,-0.0074
2020-06-25,796.51,74550000.0,-0.0064
2020-06-26,795.53,53640000.0,-0.0012
2020-06-29,774.81,97110000.0,-0.026000000000000002
2020-06-30,770.53,74260000.0,-0.0055000000000000005
2020-07-01,786.82,56960000.0,0.021099999999999997
2020-07-02,785.59,54060000.0,-0.0016
2020-07-03,789.87,43300000.0,0.0054
2020-07-06,803.46,74210000.0,0.0172
2020-07-07,805.68,87360000.0,0.0028000000000000004
2020-07-08,805.06,52130000.0,-0.0008
2020-07-09,817.08,81030000.0,0.0149
2020-07-10,809.02,71220000.0,-0.009899999999999999
2020-07-13,806.17,65610000.0,-0.0034999999999999996
2020-07-14,805.37,60120000.0,-0.001
2020-07-15,810.16,53470000.0,0.0059
2020-07-16,819.83,64519999.99999999,0.011899999999999999
2020-07-17,814.16,65440000.0,-0.0069
2020-07-20,803.36,69310000.0,-0.013300000000000001
2020-07-21,804.7,62630000.0,0.0017000000000000001
2020-07-22,797.85,65220000.0,-0.0085
2020-07-23,800.29,73620000.0,0.0031
2020-07-24,772.29,142230000.0,-0.035
2020-07-27,729.93,127330000.0,-0.0548
2020-07-28,756.17,106760000.0,0.0359
2020-07-29,735.16,95380000.0,-0.0278
2020-07-30,746.02,51150000.0,0.0148
2020-07-31,740.73,58080000.0,-0.0070999999999999995
2020-08-03,757.86,75710000.0,0.0231
2020-08-04,768.22,62080000.0,0.0137
2020-08-05,780.71,84980000.0,0.0163
2020-08-06,781.6,64069999.99999999,0.0011
2020-08-07,782.15,68200000.0,0.0007000000000000001
2020-08-10,784.3,79380000.0,0.0027
2020-08-11,784.57,60220000.0,0.0003
2020-08-12,788.42,71950000.0,0.0049
2020-08-13,795.09,62110000.0,0.0085
2020-08-14,791.98,85640000.0,-0.0039000000000000003
2020-08-17,791.54,57170000.0,-0.0006
2020-08-18,786.95,41660000.0,-0.0058
2020-08-19,789.41,51470000.0,0.0031
2020-08-20,786.11,65870000.00000001,-0.0042
2020-08-21,793.6,78120000.0,0.0095
2020-08-24,809.69,102480000.0,0.0203
2020-08-25,815.18,107200000.0,0.0068000000000000005
2020-08-26,812.36,89050000.0,-0.0034999999999999996
2020-08-27,814.55,72350000.0,0.0027
2020-08-28,821.93,102830000.0,0.0091
2020-08-31,823.93,82420000.0,0.0024
2020-09-01,832.03,78820000.0,0.0098
2020-09-03,843.64,104710000.0,0.013999999999999999
2020-09-04,840.54,103340000.0,-0.0037
2020-09-07,824.36,98250000.0,-0.0192
2020-09-08,827.57,81330000.0,0.0039000000000000003
2020-09-09,824.42,82990000.0,-0.0038
2020-09-10,825.85,67660000.0,0.0017000000000000001
2020-09-11,825.56,64099999.99999999,-0.0004
2020-09-14,832.24,65500000.0,0.008100000000000001
2020-09-15,833.33,87510000.0,0.0013
2020-09-16,834.5,54110000.0,0.0014000000000000002
2020-09-17,831.84,96610000.0,-0.0032
2020-09-18,841.26,94170000.0,0.0113
2020-09-21,851.54,106120000.0,0.012199999999999999
2020-09-22,852.72,130389999.99999999,0.0014000000000000002
2020-09-23,858.3,111920000.0,0.006500000000000001
2020-09-24,853.21,90210000.0,-0.0059
2020-09-25,854.71,105360000.0,0.0018
2020-09-28,863.31,134680000.0,0.0101
2020-09-29,856.2,135080000.0,-0.008199999999999999
2020-09-30,858.54,104920000.0,0.0027
2020-10-01,867.58,106520000.0,0.0105
2020-10-02,861.51,164530000.0,-0.006999999999999999
2020-10-05,867.7,115090000.0,0.0072
2020-10-06,871.37,148280000.0,0.0042
2020-10-07,870.85,157150000.0,-0.0006
2020-10-08,869.82,139810000.0,-0.0012
2020-10-09,874.53,115720000.0,0.0054
2020-10-12,874.9,130259999.99999999,0.0004
2020-10-13,878.35,103920000.0,0.0039000000000000003
2020-10-14,892.15,176570000.0,0.015700000000000002
2020-10-15,899.2,167590000.0,0.0079
2020-10-16,901.59,157350000.0,0.0027
2020-10-19,903.51,142170000.0,0.0021
2020-10-20,909.49,179990000.0,0.0066
2020-10-21,906.1,152210000.0,-0.0037
2020-10-22,918.3,133650000.0,0.013500000000000002
2020-10-23,930.3,163040000.0,0.0131
2020-10-26,919.56,167430000.0,-0.0115
2020-10-27,915.46,189910000.0,-0.0045000000000000005
2020-10-28,888.88,183440000.0,-0.028999999999999998
2020-10-29,886.68,151630000.0,-0.0025
2020-10-30,892.55,130030000.0,0.0066
2020-11-02,899.27,83560000.0,0.0075
2020-11-03,902.14,110880000.0,0.0032
2020-11-04,905.48,112220000.0,0.0037
2020-11-05,903.64,97630000.0,-0.002
2020-11-06,902.91,79120000.0,-0.0008
2020-11-09,917.42,108930000.0,0.0161
2020-11-10,916.5,137870000.0,-0.001
2020-11-11,916.68,114390000.0,0.0002
2020-11-12,923.0,85350000.0,0.0069
2020-11-13,931.2,122990000.0,0.0089
2020-11-16,915.97,173010000.0,-0.016399999999999998
2020-11-17,934.65,129180000.0,0.0204
2020-11-18,937.67,153570000.0,0.0032
2020-11-19,944.92,166090000.0,0.0077
2020-11-20,950.89,125700000.0,0.0063
2020-11-23,960.03,164650000.0,0.0096
2020-11-24,959.61,184870000.0,-0.0004
2020-11-25,960.63,175120000.0,0.0011
2020-11-26,964.16,156140000.0,0.0037
2020-11-27,971.11,142660000.0,0.0072
2020-11-30,965.89,168720000.0,-0.0054
2020-12-01,976.35,213410000.0,0.0108
2020-12-02,979.95,187860000.0,0.0037
2020-12-03,985.44,183520000.0,0.005600000000000001
2020-12-04,984.34,182020000.0,-0.0011
2020-12-07,992.01,148300000.0,0.0078000000000000005
2020-12-08,993.61,153450000.0,0.0016
2020-12-09,1004.03,180900000.0,0.0105
2020-12-10,994.28,173560000.0,-0.0097
2020-12-11,1008.65,127660000.0,0.014499999999999999
2020-12-14,1024.28,160380000.0,0.0155
2020-12-15,1013.02,173340000.0,-0.011000000000000001
2020-12-16,1029.72,178530000.0,0.0165
2020-12-17,1016.95,226640000.0,-0.0124
2020-12-18,1036.65,183610000.0,0.0194
2020-12-21,1049.71,187660000.0,0.0126
2020-12-22,1052.23,204620000.0,0.0024
2020-12-23,1045.7,203330000.0,-0.0062
2020-12-24,1033.95,212710000.0,-0.011200000000000002
2020-12-25,1052.13,161860000.0,0.0176
2020-12-28,1054.23,190250000.0,0.002
2020-12-29,1058.39,153420000.0,0.0039000000000000003
2020-12-30,1059.16,173020000.0,0.0007000000000000001
2020-12-31,1070.77,136030000.0,0.011000000000000001
2021-01-04,1091.87,233730000.0,0.0197
2021-01-05,1104.3,191640000.0,0.011399999999999999
2021-01-06,1113.72,225230000.0,0.0085
2021-01-07,1130.59,215400000.0,0.0151
2021-01-08,1147.86,220090000.0,0.015300000000000001
2021-01-11,1163.4,222790000.0,0.013500000000000002
2021-01-12,1169.03,202520000.0,0.0048
2021-01-13,1164.57,187360000.0,-0.0038
2021-01-14,1168.99,229620000.0,0.0038
2021-01-15,1182.2,211720000.0,0.0113
2021-01-18,1173.34,199290000.0,-0.0075
2021-01-19,1107.32,324710000.0,-0.056299999999999996
2021-01-20,1116.21,262600000.00000003,0.008
2021-01-21,1151.3,204600000.0,0.031400000000000004
2021-01-22,1156.58,210390000.0,0.0046
2021-01-25,1154.29,198480000.0,-0.002
2021-01-26,1125.09,236710000.0,-0.0253
2021-01-27,1083.63,241010000.0,-0.0369
2021-01-28,1010.75,282130000.0,-0.0673
2021-01-29,1048.31,242650000.0,0.037200000000000004
2021-02-01,1029.86,175340000.0,-0.0176
2021-02-02,1079.7,162840000.0,0.0484
2021-02-03,1117.98,204900000.0,0.0355
2021-02-04,1117.74,155640000.0,-0.0002
2021-02-05,1135.5,139780000.0,0.0159
2021-02-08,1092.59,228470000.0,-0.0378
2021-02-09,1129.49,173190000.0,0.0338
2021-02-17,1174.91,174120000.0,0.04019999999999999
2021-02-18,1187.94,183250000.0,0.0111
2021-02-19,1180.59,166180000.0,-0.0062
2021-02-22,1180.55,175260000.0,0.0
2021-02-23,1182.47,195050000.0,0.0016
2021-02-24,1167.18,178720000.0,-0.0129
2021-02-25,1169.82,158380000.0,0.0023
2021-02-26,1173.6,178990000.0,0.0032
2021-03-01,1191.83,191030000.0,0.0155
2021-03-02,1194.71,169420000.0,0.0024
2021-03-03,1195.6,154440000.0,0.0007000000000000001
2021-03-04,1174.29,183130000.0,-0.0178
2021-03-05,1173.83,205210000.0,-0.0004
2021-03-08,1170.0,164930000.0,-0.0033
2021-03-09,1163.0,159980000.0,-0.006
2021-03-10,1172.26,156010000.0,0.008
2021-03-11,1188.71,167310000.0,0.013999999999999999
2021-03-12,1187.81,147250000.0,-0.0008
2021-03-15,1190.86,149680000.0,0.0026
2021-03-16,1187.84,163860000.0,-0.0025
2021-03-17,1193.45,193600000.0,0.004699999999999999
2021-03-18,1211.54,155170000.0,0.0152
2021-03-19,1203.36,171420000.0,-0.0068000000000000005
2021-03-22,1198.54,161300000.0,-0.004
2021-03-23,1186.98,155690000.0,-0.0096
2021-03-24,1165.61,190250000.0,-0.018000000000000002
2021-03-25,1164.64,165900000.0,-0.0008
2021-03-26,1167.19,172710000.0,0.0022
2021-03-29,1180.07,145670000.0,0.011000000000000001
2021-03-30,1190.86,217510000.0,0.0091
2021-03-31,1196.24,171900000.0,0.0045000000000000005
2021-04-01,1226.16,222240000.0,0.025
2021-04-02,1238.03,199250000.0,0.0097
2021-04-05,1249.9,219160000.0,0.0096
2021-04-06,1255.36,222980000.0,0.0044
2021-04-07,1257.77,213310000.0,0.0019
2021-04-08,1251.81,161340000.0,-0.004699999999999999
2021-04-09,1253.26,173790000.0,0.0012
2021-04-12,1278.19,267959999.99999997,0.0199
2021-04-13,1277.35,255770000.0,-0.0007000000000000001
2021-04-14,1290.77,207520000.0,0.0105
2021-04-15,1284.2,236680000.0,-0.0051
2021-04-16,1276.87,247670000.0,-0.005699999999999999
2021-04-19,1306.22,210600000.0,0.023
2021-04-20,1312.68,244920000.0,0.0049
2021-04-22,1271.53,232540000.0,-0.0313
2021-04-23,1301.39,245630000.0,0.0235
2021-04-26,1275.04,216950000.0,-0.0202
2021-04-27,1283.81,171780000.0,0.0069
2021-04-28,1294.06,206900000.0,0.008
2021-04-29,1312.28,242340000.0,0.0141
2021-05-04,1328.03,274200000.0,0.012
2021-05-05,1346.89,274660000.0,0.014199999999999999
2021-05-06,1344.64,226860000.0,-0.0017000000000000001
2021-05-07,1340.73,291440000.0,-0.0029
2021-05-10,1370.66,302730000.0,0.0223
2021-05-11,1359.19,262050000.0,-0.0084
2021-05-12,1380.17,264230000.00000003,0.0154
2021-05-13,1370.18,271900000.0,-0.0072
2021-05-14,1380.02,251130000.0,0.0072
2021-05-17,1371.36,254610000.0,-0.0063
2021-05-18,1378.59,252830000.0,0.0053
2021-05-19,1401.71,279670000.0,0.0168
2021-05-20,1424.92,270200000.0,0.0166
2021-05-21,1425.04,267790000.00000003,0.0001
2021-05-24,1430.48,256209999.99999997,0.0038
2021-05-25,1444.01,209780000.0,0.0095
2021-05-26,1455.11,233970000.0,0.0077
2021-05-27,1437.38,264790000.00000003,-0.012199999999999999
2021-05-28,1458.78,300180000.0,0.0149
2021-05-31,1474.78,293020000.0,0.011000000000000001
2021-06-01,1482.92,255910000.0,0.0055000000000000005
2021-06-02,1478.85,277180000.0,-0.0027
2021-06-03,1504.37,318350000.0,0.0173
2021-06-04,1508.35,336490000.0,0.0026
2021-06-07,1484.1,309810000.0,-0.0161
2021-06-08,1438.97,328470000.0,-0.0304
2021-06-09,1457.76,279950000.0,0.0131
2021-06-10,1451.18,253440000.0,-0.0045000000000000005
2021-06-11,1487.61,264959999.99999997,0.025099999999999997
2021-06-14,1495.51,249570000.0,0.0053
2021-06-15,1487.04,239020000.0,-0.005699999999999999
2021-06-16,1465.58,241630000.0,-0.0144
2021-06-17,1461.91,211570000.0,-0.0025
2021-06-18,1481.3,198660000.0,0.013300000000000001
2021-06-21,1478.29,205150000.0,-0.002
2021-06-22,1489.24,211640000.0,0.0074
2021-06-23,1489.53,197840000.0,0.0002
2021-06-24,1486.96,175260000.0,-0.0017000000000000001
2021-06-25,1500.3,180210000.0,0.009000000000000001
2021-06-28,1521.41,215310000.0,0.0141
2021-06-29,1529.97,203550000.0,0.005600000000000001
2021-06-30,1529.0,192680000.0,-0.0006
2021-07-01,1545.14,253520000.0,0.0106
2021-07-02,1554.59,242780000.0,0.0060999999999999995
2021-07-05,1557.41,309400000.0,0.0018
2021-07-06,1488.42,298840000.0,-0.0443
2021-07-07,1538.77,306580000.0,0.0338
2021-07-08,1521.21,218880000.0,-0.011399999999999999
2021-07-09,1494.43,287670000.0,-0.0176
2021-07-12,1443.1,412550000.0,-0.034300000000000004
2021-07-13,1440.87,174500000.0,-0.0015
2021-07-14,1410.3,215230000.0,-0.0212
2021-07-15,1430.29,189780000.0,0.014199999999999999
2021-07-16,1438.05,152450000.0,0.0054
2021-07-19,1374.15,268710000.0,-0.0444
2021-07-20,1411.02,221510000.0,0.0268
2021-07-21,1406.54,149340000.0,-0.0032
2021-07-22,1428.48,162700000.0,0.015600000000000001
2021-07-23,1401.53,235470000.0,-0.0189
2021-07-26,1403.96,152850000.0,0.0017000000000000001
2021-07-27,1409.85,190310000.0,0.0042
2021-07-28,1407.5,120700000.0,-0.0017000000000000001
2021-07-29,1427.55,166490000.0,0.014199999999999999
2021-07-30,1447.23,224340000.0,0.0138
2021-08-02,1448.21,198500000.0,0.0007000000000000001
2021-08-03,1469.87,225710000.0,0.015
2021-08-04,1472.2,218550000.0,0.0016
2021-08-05,1486.46,193620000.0,0.0097
2021-08-06,1476.79,211700000.0,-0.006500000000000001
2021-08-09,1497.83,206120000.0,0.014199999999999999
2021-08-10,1494.41,185390000.0,-0.0023
2021-08-11,1487.91,245340000.0,-0.0043
2021-08-12,1477.06,184220000.0,-0.0073
2021-08-13,1484.25,207220000.0,0.0049
2021-08-16,1500.77,258600000.00000003,0.0111
2021-08-17,1494.12,217180000.0,-0.0044
2021-08-18,1489.54,192680000.0,-0.0031
2021-08-19,1505.01,206500000.0,0.0104
2021-08-20,1450.45,348770000.0,-0.0363
2021-08-23,1412.0,250640000.0,-0.0265
2021-08-24,1418.26,203690000.0,0.0044
2021-08-25,1428.51,153260000.0,0.0072
2021-08-26,1412.45,152190000.0,-0.011200000000000002
2021-08-27,1418.57,202510000.0,0.0043
2021-08-30,1431.05,154140000.0,0.0088
2021-08-31,1428.66,152480000.0,-0.0017000000000000001
2021-09-01,1426.94,176640000.0,-0.0012
2021-09-06,1441.54,208740000.0,0.0102
2021-09-07,1444.1,205270000.0,0.0018
2021-09-08,1433.71,152210000.0,-0.0072
2021-09-09,1447.28,166190000.0,0.0095
2021-09-10,1448.33,139150000.0,0.0007000000000000001
2021-09-13,1444.99,162870000.0,-0.0023
2021-09-14,1438.16,148170000.0,-0.004699999999999999
2021-09-15,1444.85,130110000.00000001,0.004699999999999999
2021-09-16,1448.98,134630000.0,0.0029
2021-09-17,1455.59,188920000.0,0.0046
2021-09-20,1458.66,180840000.0,0.0021
2021-09-21,1446.22,167220000.0,-0.0085
2021-09-22,1453.22,122880000.0,0.0048
2021-09-23,1458.23,138290000.0,0.0034000000000000002
2021-09-24,1459.94,141120000.0,0.0012
2021-09-27,1439.2,148690000.0,-0.014199999999999999
2021-09-28,1451.12,141160000.0,0.0083
2021-09-29,1450.52,169810000.0,-0.0004
2021-09-30,1453.76,118790000.0,0.0022
2021-10-01,1441.83,188810000.0,-0.008199999999999999
2021-10-04,1443.61,220200000.0,0.0012
2021-10-05,1456.21,152940000.0,0.0087
2021-10-06,1461.72,157610000.0,0.0038
2021-10-07,1462.74,142850000.0,0.0007000000000000001
2021-10-08,1476.54,137770000.0,0.009399999999999999
2021-10-11,1510.27,211040000.0,0.022799999999999997
2021-10-12,1509.57,162660000.0,-0.0005
2021-10-13,1505.55,137280000.0,-0.0027
2021-10-14,1503.38,159950000.0,-0.0014000000000000002
2021-10-15,1504.84,151730000.0,0.001
2021-10-18,1510.49,167730000.0,0.0038
2021-10-19,1507.19,142510000.0,-0.0022
2021-10-20,1505.03,182020000.0,-0.0014000000000000002
2021-10-21,1489.26,166370000.0,-0.0105
2021-10-22,1488.71,127280000.0,-0.0004
2021-10-25,1476.97,202650000.0,-0.0079
2021-10-26,1482.62,143690000.0,0.0038
2021-10-27,1516.46,201350000.0,0.022799999999999997
2021-10-28,1529.26,190780000.0,0.0084
2021-10-29,1532.35,197580000.0,0.002
2021-11-01,1516.75,252420000.0,-0.0102
2021-11-02,1521.35,186410000.0,0.003
2021-11-03,1530.65,324560000.0,0.0060999999999999995
2021-11-04,1528.21,173100000.0,-0.0016
2021-11-05,1531.76,156550000.0,0.0023
2021-11-08,1535.66,219020000.0,0.0025
2021-11-09,1527.13,210510000.0,-0.005600000000000001
2021-11-10,1523.79,204460000.0,-0.0022
2021-11-11,1514.36,258430000.0,-0.0062
2021-11-12,1527.94,152560000.0,0.009000000000000001
2021-11-15,1528.68,232160000.0,0.0005
2021-11-16,1517.22,214950000.0,-0.0075
2021-11-17,1519.58,165540000.0,0.0016
2021-11-18,1503.42,256829999.99999997,-0.0106
2021-11-19,1500.05,322630000.0,-0.0022
2021-11-22,1517.04,274790000.0,0.0113
2021-11-23,1533.12,173030000.0,0.0106
2021-11-24,1565.29,371790000.0,0.021
2021-11-25,1572.46,255690000.0,0.0046
2021-11-26,1566.55,286510000.0,-0.0038
2021-11-29,1553.04,270840000.0,-0.0086
2021-11-30,1537.59,254250000.0,-0.009899999999999999
2021-12-01,1549.81,183020000.0,0.0079
2021-12-02,1540.88,155690000.0,-0.0058
2021-12-03,1503.98,237840000.0,-0.0239
2021-12-06,1480.92,264310000.0,-0.015300000000000001
2021-12-07,1512.62,167560000.0,0.021400000000000002
2021-12-08,1516.16,176050000.0,0.0023
2021-12-09,1529.61,141320000.0,0.0089
2021-12-10,1519.46,172570000.0,-0.0066
2021-12-13,1520.8,166210000.0,0.0009
2021-12-14,1516.44,170670000.0,-0.0029
2021-12-15,1519.42,150690000.0,0.002
2021-12-16,1510.17,187580000.0,-0.0060999999999999995
2021-12-17,1513.56,220350000.0,0.0022
2021-12-20,1513.6,180130000.0,0.0
2021-12-21,1511.48,175780000.0,-0.0014000000000000002
2021-12-22,1504.12,220180000.0,-0.0049
2021-12-23,1477.37,241490000.0,-0.0178
2021-12-24,1506.67,197960000.0,0.019799999999999998
2021-12-27,1514.55,134570000.0,0.0052
2021-12-28,1523.54,189420000.0,0.0059
2021-12-29,1515.94,154780000.0,-0.005
2021-12-30,1519.62,145700000.0,0.0024
2021-12-31,1535.71,183410000.0,0.0106
2022-01-04,1558.87,207490000.0,0.0151
2022-01-05,1546.01,222220000.0,-0.008199999999999999
2022-01-06,1544.95,231960000.0,-0.0007000000000000001
2022-01-07,1532.24,200630000.0,-0.008199999999999999
2022-01-10,1514.7,200030000.0,-0.011399999999999999
2022-01-11,1499.74,187020000.0,-0.009899999999999999
2022-01-12,1530.04,282090000.0,0.0202
2022-01-13,1526.43,308820000.0,-0.0024
2022-01-14,1523.57,135950000.0,-0.0019
2022-01-17,1478.61,290140000.0,-0.029500000000000002
2022-01-18,1477.06,214020000.0,-0.001
2022-01-19,1482.55,142260000.0,0.0037
2022-01-20,1492.81,163720000.0,0.0069
2022-01-21,1502.16,218980000.0,0.0063
2022-01-24,1471.31,243480000.0,-0.020499999999999997
2022-01-25,1516.16,191550000.0,0.0305
2022-01-26,1525.31,236860000.0,0.006
2022-01-27,1516.57,158580000.0,-0.005699999999999999
2022-01-28,1532.24,194570000.0,0.0103
2022-02-07,1541.25,182870000.0,0.0059
2022-02-08,1550.46,218960000.0,0.006
2022-02-09,1552.44,230550000.0,0.0013
2022-02-10,1548.95,225000000.0,-0.0022
2022-02-11,1545.92,167680000.0,-0.002
2022-02-14,1505.07,254060000.0,-0.0264
2022-02-15,1527.36,180950000.0,0.0148
2022-02-16,1521.47,122060000.0,-0.0039000000000000003
2022-02-17,1540.51,146570000.0,0.0125
2022-02-18,1531.47,155110000.0,-0.0059
2022-02-21,1533.4,163180000.0,0.0013
2022-02-22,1532.36,223630000.0,-0.0007000000000000001
2022-02-23,1538.83,158140000.0,0.0042
2022-02-24,1522.04,275310000.0,-0.0109
2022-02-25,1526.5,198110000.0,0.0029
2022-02-28,1517.18,193570000.0,-0.0060999999999999995
2022-03-01,1520.12,187030000.0,0.0019
2022-03-02,1498.61,291450000.0,-0.014199999999999999
2022-03-03,1522.49,244080000.0,0.0159
2022-03-04,1525.34,220070000.0,0.0019
2022-03-07,1509.12,222540000.0,-0.0106
2022-03-08,1490.17,222310000.0,-0.0126
2022-03-09,1489.25,190160000.0,-0.0006
2022-03-10,1490.24,148750000.0,0.0007000000000000001
2022-03-11,1477.14,178190000.0,-0.0088
2022-03-14,1461.1,177210000.0,-0.0109
2022-03-15,1468.89,136420000.0,0.0053
2022-03-16,1472.69,106840000.0,0.0026
2022-03-17,1469.92,109380000.0,-0.0019
2022-03-18,1476.94,148420000.0,0.0048
2022-03-21,1502.67,124700000.0,0.0174
2022-03-22,1513.4,155230000.0,0.0070999999999999995
2022-03-23,1505.59,132330000.00000001,-0.0052
2022-03-24,1497.44,115640000.0,-0.0054
2022-03-25,1498.36,109440000.0,0.0006
2022-03-28,1484.16,177240000.0,-0.0095
2022-03-29,1500.57,110330000.0,0.0111
2022-03-30,1500.23,163900000.0,-0.0002
2022-03-31,1508.53,121690000.0,0.0055000000000000005
2022-04-01,1542.47,195610000.0,0.0225
2022-04-04,1548.04,160180000.0,0.0036
2022-04-05,1539.2,125170000.0,-0.005699999999999999
2022-04-06,1557.11,203570000.0,0.0116
2022-04-07,1541.96,198970000.0,-0.0097
2022-04-08,1524.31,156340000.0,-0.011399999999999999
2022-04-12,1507.2,152480000.0,-0.011200000000000002
2022-04-13,1525.39,143870000.0,0.0121
2022-04-14,1518.01,119610000.0,-0.0048
2022-04-15,1493.74,181770000.0,-0.016
2022-04-18,1468.25,194440000.0,-0.0171
2022-04-19,1440.61,156620000.0,-0.018799999999999997
2022-04-20,1435.5,150220000.0,-0.0034999999999999996
2022-04-21,1426.87,172360000.0,-0.006
2022-04-22,1444.32,150760000.0,0.012199999999999999
2022-04-25,1366.39,202430000.0,-0.054000000000000006
2022-04-26,1396.9,181780000.0,0.0223
2022-04-27,1402.03,108120000.0,0.0037
2022-04-28,1400.88,91680000.0,-0.0008
2022-04-29,1417.31,128039999.99999999,0.011699999999999999
2022-05-04,1389.59,114190000.0,-0.0196
2022-05-05,1404.88,122130000.0,0.011000000000000001
2022-05-06,1373.21,129910000.0,-0.0225
2022-05-09,1314.04,200880000.0,-0.0431
2022-05-10,1345.46,157230000.0,0.0239
2022-05-11,1349.82,94770000.0,0.0032
2022-05-12,1279.76,163220000.0,-0.0519
2022-05-13,1223.76,237560000.0,-0.0438
2022-05-16,1215.08,172770000.0,-0.0070999999999999995
2022-05-17,1279.55,161820000.0,0.053099999999999994
2022-05-18,1286.41,159940000.0,0.0054
2022-05-19,1283.55,130080000.00000001,-0.0022
2022-05-20,1282.51,110100000.0,-0.0008
2022-05-23,1255.35,139330000.0,-0.0212
2022-05-24,1272.71,146370000.0,0.0138
2022-05-25,1310.7,172700000.0,0.0298
2022-05-26,1309.5,127930000.0,-0.0009
2022-05-27,1335.68,139410000.0,0.02
2022-05-30,1342.87,121530000.0,0.0054
2022-05-31,1332.59,127920000.0,-0.0077
2022-06-01,1335.49,127580000.0,0.0022
2022-06-02,1325.49,133900000.0,-0.0075
2022-06-03,1327.4,100180000.0,0.0014000000000000002
2022-06-06,1327.04,132830000.00000001,-0.0003
2022-06-07,1324.37,153980000.0,-0.002
2022-06-08,1342.03,163070000.0,0.013300000000000001
2022-06-09,1342.92,126600000.0,0.0007000000000000001
2022-06-10,1325.69,136590000.0,-0.0128
2022-06-13,1260.85,199020000.0,-0.0489
2022-06-14,1261.16,145640000.0,0.0002
2022-06-15,1253.09,167430000.0,-0.0064
2022-06-16,1280.37,156460000.0,0.0218
2022-06-17,1258.03,187300000.0,-0.0174
2022-06-20,1225.56,168770000.0,-0.0258
2022-06-21,1224.54,172800000.0,-0.0008
2022-06-22,1227.18,142700000.0,0.0022
2022-06-23,1240.58,105240000.0,0.0109
2022-06-24,1235.47,90440000.0,-0.0040999999999999995
2022-06-27,1256.67,110600000.0,0.0172
2022-06-28,1273.41,151570000.0,0.013300000000000001
2022-06-29,1273.4,113300000.0,0.0
2022-06-30,1248.92,118010000.0,-0.0192
2022-07-01,1252.24,118890000.0,0.0027
2022-07-04,1248.37,112840000.0,-0.0031
2022-07-05,1242.05,162030000.0,-0.0051
2022-07-06,1211.94,131180000.0,-0.0242
2022-07-07,1229.23,98640000.0,0.0143
2022-07-08,1231.54,115990000.0,0.0019
2022-07-11,1209.02,131000000.0,-0.0183
2022-07-12,1219.44,88680000.0,0.0086
2022-07-13,1216.94,117180000.0,-0.0021
2022-07-14,1221.94,106760000.0,0.0040999999999999995
2022-07-15,1220.14,147670000.0,-0.0015
2022-07-18,1214.28,104040000.0,-0.0048
2022-07-19,1211.7,100590000.0,-0.0021
2022-07-20,1225.62,123380000.0,0.0115
2022-07-21,1235.25,127720000.0,0.0079
2022-07-22,1228.84,106140000.0,-0.0052
2022-07-25,1222.6,94340000.0,-0.0051
2022-07-26,1218.49,93440000.0,-0.0034000000000000002
2022-07-27,1219.43,95580000.0,0.0008
2022-07-28,1236.14,180060000.0,0.0137
2022-07-29,1232.0,142290000.0,-0.0033
2022-08-01,1256.25,175840000.0,0.0197
2022-08-02,1265.97,172180000.0,0.0077
2022-08-03,1269.83,184350000.0,0.003
2022-08-04,1277.73,164090000.0,0.0062
2022-08-05,1272.06,172670000.0,-0.0044
2022-08-08,1276.7,141950000.0,0.0036
2022-08-09,1281.44,161800000.0,0.0037
2022-08-10,1277.15,117050000.0,-0.0033
2022-08-11,1272.33,175280000.0,-0.0038
2022-08-12,1280.96,113930000.0,0.0068000000000000005
2022-08-15,1293.79,149050000.0,0.01
2022-08-16,1295.1,155260000.0,0.001
2022-08-17,1300.4,146610000.0,0.0040999999999999995
2022-08-18,1299.93,162050000.0,-0.0004
2022-08-19,1294.93,154230000.0,-0.0038
2022-08-22,1285.45,128870000.0,-0.0073
2022-08-23,1292.0,130490000.00000001,0.0051
2022-08-24,1296.41,113650000.0,0.0034000000000000002
2022-08-25,1311.55,127470000.0,0.011699999999999999
2022-08-26,1306.81,152920000.0,-0.0036
2022-08-29,1293.25,174330000.0,-0.0104
2022-08-30,1298.14,112860000.0,0.0038
2022-08-31,1301.44,103560000.0,0.0025
2022-09-05,1298.15,110010000.0,-0.0025
2022-09-06,1299.06,121910000.0,0.0007000000000000001
2022-09-07,1268.95,187240000.0,-0.0232
2022-09-08,1265.57,124240000.0,-0.0027
2022-09-09,1275.64,161750000.0,0.008
2022-09-12,1275.6,100040000.0,0.0
2022-09-13,1272.48,94070000.0,-0.0024
2022-09-14,1260.88,142290000.0,-0.0091
2022-09-15,1262.82,101060000.0,0.0015
2022-09-16,1252.78,155330000.0,-0.008
2022-09-19,1229.88,152500000.0,-0.0183
2022-09-20,1241.07,94430000.0,0.0091
2022-09-21,1228.2,76490000.0,-0.0104
2022-09-22,1228.94,98660000.0,0.0006
2022-09-23,1215.41,88490000.0,-0.011000000000000001
2022-09-26,1187.22,175240000.0,-0.0232
2022-09-27,1182.46,85340000.0,-0.004
2022-09-28,1160.66,92270000.0,-0.0184
2022-09-29,1147.44,88050000.0,-0.011399999999999999
2022-09-30,1152.01,154780000.0,0.004
2022-10-03,1102.0,159890000.0,-0.0434
2022-10-04,1097.72,147870000.0,-0.0039000000000000003
2022-10-05,1117.38,114400000.0,0.0179
2022-10-06,1081.36,141260000.0,-0.0322
2022-10-07,1039.54,261709999.99999997,-0.0387
2022-10-10,1038.93,178310000.0,-0.0006
2022-10-11,1001.68,200930000.0,-0.0359
2022-10-12,1034.93,150970000.0,0.0332
2022-10-13,1051.24,127130000.0,0.0158
2022-10-14,1061.39,148450000.0,0.0097
2022-10-17,1047.2,117600000.0,-0.0134
2022-10-18,1059.06,120840000.0,0.0113
2022-10-19,1053.65,102620000.0,-0.0051
2022-10-20,1053.26,113710000.0,-0.0004
2022-10-21,1010.57,193760000.0,-0.0405
2022-10-24,973.88,170990000.0,-0.0363
2022-10-25,991.52,183290000.0,0.0181
2022-10-26,990.41,77220000.0,-0.0011
2022-10-27,1028.5,159810000.0,0.0385
2022-10-28,1029.49,147690000.0,0.001
2022-10-31,1026.84,188840000.0,-0.0026
2022-11-01,1038.09,243890000.0,0.011000000000000001
2022-11-02,1025.18,167910000.0,-0.0124
2022-11-03,1023.8,120450000.0,-0.0013
2022-11-04,997.92,256470000.00000003,-0.0253
2022-11-07,972.85,179100000.0,-0.025099999999999997
2022-11-08,980.09,185770000.0,0.0074
2022-11-09,979.68,166480000.0,-0.0004
2022-11-10,936.8,252590000.0,-0.0438
2022-11-11,948.86,213490000.0,0.0129
2022-11-14,936.31,211970000.0,-0.0132
2022-11-15,904.77,218100000.0,-0.0337
2022-11-16,940.29,249950000.0,0.0393
2022-11-17,971.04,184690000.0,0.0327
2022-11-18,971.2,264089999.99999997,0.0002
2022-11-21,956.89,132090000.0,-0.0147
2022-11-22,945.54,368680000.0,-0.011899999999999999
2022-11-23,938.73,154600000.0,-0.0072
2022-11-24,940.76,136320000.0,0.0022
2022-11-25,967.49,170890000.0,0.028399999999999998
2022-11-28,1004.34,398080000.0,0.0381
2022-11-29,1029.04,366390000.0,0.0246
2022-11-30,1049.21,264700000.0,0.0196
2022-12-01,1042.64,434440000.0,-0.0063
2022-12-02,1092.99,331170000.0,0.0483
2022-12-05,1110.94,375070000.0,0.016399999999999998
2022-12-06,1054.06,405650000.0,-0.0512
2022-12-07,1047.58,242090000.0,-0.0060999999999999995
2022-12-08,1062.73,304560000.0,0.014499999999999999
2022-12-09,1065.08,236860000.0,0.0022
2022-12-12,1037.42,219920000.0,-0.026000000000000002
2022-12-13,1056.43,241920000.0,0.0183
2022-12-14,1056.17,192530000.0,-0.0002
2022-12-15,1068.08,248620000.0,0.0113
2022-12-16,1064.07,249610000.0,-0.0038
2022-12-19,1050.22,258390000.0,-0.013000000000000001
2022-12-20,1029.79,283480000.0,-0.0195
2022-12-21,1033.1,212810000.0,0.0032
2022-12-22,1038.34,188500000.0,0.0051
2022-12-23,1034.13,129850000.0,-0.0040999999999999995
2022-12-26,987.77,175230000.0,-0.044800000000000006
2022-12-27,1007.36,153660000.0,0.019799999999999998
2022-12-28,1013.95,123260000.0,0.006500000000000001
2022-12-29,1008.3,121030000.0,-0.005600000000000001
2022-12-30,1005.19,95620000.0,-0.0031
2023-01-03,1047.25,159600000.0,0.0418
2023-01-04,1050.15,172220000.0,0.0028000000000000004
2023-01-05,1061.9,164270000.0,0.011200000000000002
2023-01-06,1057.4,192690000.0,-0.0042
2023-01-09,1061.14,126310000.0,0.0034999999999999996
2023-01-10,1060.53,126760000.0,-0.0006
2023-01-11,1065.22,161510000.0,0.0044
2023-01-12,1066.24,113840000.0,0.001
2023-01-13,1069.86,149050000.0,0.0034000000000000002
2023-01-16,1075.71,126800000.0,0.0055000000000000005
2023-01-17,1103.73,207940000.0,0.026000000000000002
2023-01-18,1115.72,152880000.0,0.0109
2023-01-19,1121.92,198680000.0,0.005600000000000001
2023-01-27,1130.65,166000000.0,0.0078000000000000005
2023-01-30,1113.95,199040000.0,-0.0148
2023-01-31,1125.07,197900000.0,0.01
2023-02-01,1088.09,285540000.0,-0.0329
2023-02-02,1093.48,164040000.0,0.005
2023-02-03,1085.7,184370000.0,-0.0070999999999999995
2023-02-06,1094.37,144680000.0,0.008
2023-02-07,1069.5,192820000.0,-0.0227
2023-02-08,1073.38,154790000.0,0.0036
2023-02-09,1059.91,137750000.0,-0.0125
2023-02-10,1048.74,112860000.0,-0.0105
2023-02-13,1040.4,156780000.0,-0.008
2023-02-14,1034.93,110770000.0,-0.0053
2023-02-15,1043.34,180540000.0,0.008100000000000001
2023-02-16,1055.26,122230000.0,0.011399999999999999
2023-02-17,1053.72,121130000.0,-0.0015
2023-02-20,1087.36,190180000.0,0.0319
2023-02-21,1080.9,162730000.0,-0.0059
2023-02-22,1051.08,185390000.0,-0.0276
2023-02-23,1050.95,171910000.0,-0.0001
2023-02-24,1030.42,95830000.0,-0.0195
2023-02-27,1011.46,135200000.0,-0.0184
2023-02-28,1014.96,89490000.0,0.0034999999999999996
2023-03-01,1034.43,116920000.0,0.0192
2023-03-02,1028.73,89260000.0,-0.0055000000000000005
2023-03-03,1013.35,87580000.0,-0.015
2023-03-06,1014.26,116860000.0,0.0009
2023-03-07,1027.16,144460000.0,0.0127
2023-03-08,1040.59,141320000.0,0.0131
2023-03-09,1050.28,184270000.0,0.009300000000000001
2023-03-10,1047.2,128919999.99999999,-0.0029
2023-03-13,1050.07,194880000.0,0.0027
2023-03-14,1037.35,168370000.0,-0.0121
2023-03-15,1064.38,188590000.0,0.026099999999999998
2023-03-16,1046.99,149060000.0,-0.0163
2023-03-17,1047.71,181680000.0,0.0007000000000000001
2023-03-20,1024.5,145470000.0,-0.0222
2023-03-21,1035.04,138380000.0,0.0103
2023-03-22,1043.14,138720000.0,0.0078000000000000005
2023-03-23,1046.6,112090000.0,0.0033
2023-03-24,1051.42,157940000.0,0.0046
2023-03-27,1056.45,163100000.0,0.0048
2023-03-28,1058.82,188770000.0,0.0022
2023-03-29,1061.45,136520000.0,0.0025
2023-03-30,1067.24,182230000.0,0.0055000000000000005
2023-03-31,1073.68,187270000.0,0.006
2023-04-03,1088.72,231130000.0,0.013999999999999999
2023-04-04,1088.34,181860000.0,-0.0003
2023-04-05,1089.83,193490000.0,0.0014000000000000002
2023-04-06,1078.86,233210000.0,-0.0101
2023-04-07,1078.88,139160000.0,0.0
2023-04-10,1077.41,192680000.0,-0.0014000000000000002
2023-04-11,1081.71,179520000.0,0.004
2023-04-12,1080.69,196540000.0,-0.0009
2023-04-13,1074.67,156890000.0,-0.005600000000000001
2023-04-14,1063.43,173430000.0,-0.0105
2023-04-17,1065.02,96960000.0,0.0015
2023-04-18,1064.55,122130000.0,-0.0004
2023-04-19,1056.14,140530000.0,-0.0079
2023-04-20,1053.61,83440000.0,-0.0024
2023-04-21,1046.18,147510000.0,-0.0070999999999999995
2023-04-24,1046.17,104500000.0,0.0
2023-04-25,1037.04,121260000.0,-0.0087
2023-04-26,1045.24,125180000.0,0.0079
2023-04-27,1041.54,105510000.0,-0.0034999999999999996
2023-04-28,1051.43,140090000.0,0.0095
2023-05-04,1039.64,126650000.0,-0.011200000000000002
2023-05-05,1038.46,91880000.0,-0.0011
2023-05-08,1049.72,147570000.0,0.0108
2023-05-09,1049.67,104910000.0,0.0
2023-05-10,1054.99,124300000.0,0.0051
2023-05-11,1054.93,129130000.0,-0.0001
2023-05-12,1066.44,168090000.0,0.0109
2023-05-15,1070.9,195780000.0,0.0042
2023-05-16,1069.64,126570000.0,-0.0012
2023-05-17,1062.1,153740000.0,-0.006999999999999999
2023-05-18,1070.76,146690000.0,0.008199999999999999
2023-05-19,1068.84,122550000.0,-0.0018
2023-05-22,1073.74,141530000.0,0.0046
2023-05-23,1068.05,171210000.0,-0.0053
2023-05-24,1061.55,155560000.0,-0.0060999999999999995
2023-05-25,1062.15,137270000.0,0.0006
2023-05-26,1060.81,110970000.0,-0.0013
2023-05-29,1069.77,133470000.0,0.0084
2023-05-30,1071.82,169590000.0,0.0019
2023-05-31,1066.33,193470000.0,-0.0051
2023-06-01,1068.09,162840000.0,0.0017000000000000001
2023-06-02,1086.96,263649999.99999997,0.0177
2023-06-05,1091.08,215250000.0,0.0038
2023-06-06,1102.32,198430000.0,0.0103
2023-06-07,1105.68,266660000.00000003,0.003
2023-06-08,1092.46,279410000.0,-0.012
2023-06-09,1100.85,198750000.0,0.0077
2023-06-12,1109.63,180990000.0,0.008
2023-06-13,1115.39,237700000.0,0.0052
2023-06-14,1110.6,230820000.0,-0.0043
2023-06-15,1108.57,171340000.0,-0.0018
2023-06-16,1109.06,320740000.0,0.0004
2023-06-19,1098.94,193100000.0,-0.0091
2023-06-20,1104.27,145930000.0,0.0049
2023-06-21,1112.07,185860000.0,0.0070999999999999995
2023-06-22,1117.6,199390000.0,0.005
2023-06-23,1126.76,231870000.0,0.008199999999999999
2023-06-26,1131.23,238650000.0,0.004
2023-06-27,1134.41,174320000.0,0.0028000000000000004
2023-06-28,1141.12,254960000.0,0.0059
2023-06-29,1125.29,218030000.0,-0.0139
2023-06-30,1123.13,158130000.0,-0.0019
2023-07-03,1123.37,140250000.0,0.0002
2023-07-04,1128.0,163470000.0,0.0040999999999999995
2023-07-05,1129.76,212150000.0,0.0016
2023-07-06,1119.44,224550000.0,-0.0091
2023-07-07,1129.43,163610000.0,0.0089
2023-07-10,1143.16,247570000.0,0.012199999999999999
2023-07-11,1146.67,233520000.0,0.0031
2023-07-12,1146.54,223010000.0,-0.0001
2023-07-13,1156.11,187660000.0,0.0083
2023-07-14,1160.59,287040000.0,0.0039000000000000003
2023-07-17,1164.58,238540000.0,0.0034000000000000002
2023-07-18,1166.82,221180000.0,0.0019
2023-07-19,1165.19,198670000.0,-0.0014000000000000002
2023-07-20,1168.26,218940000.0,0.0026
2023-07-21,1186.6,243820000.0,0.015700000000000002
2023-07-24,1193.14,265149999.99999997,0.0055000000000000005
2023-07-25,1198.01,253340000.0,0.0040999999999999995
2023-07-26,1201.43,247530000.0,0.0029
2023-07-27,1199.68,263450000.0,-0.0015
2023-07-28,1212.45,251640000.0,0.0106
2023-07-31,1230.81,294900000.0,0.0151
2023-08-01,1222.18,328430000.0,-0.006999999999999999
2023-08-02,1221.32,218570000.0,-0.0007000000000000001
2023-08-03,1210.8,264560000.0,-0.0086
2023-08-04,1231.42,321010000.0,0.017
2023-08-07,1250.68,284030000.0,0.015600000000000001
2023-08-08,1247.81,232460000.0,-0.0023
2023-08-09,1239.84,249110000.0,-0.0064
2023-08-10,1226.2,204530000.0,-0.011000000000000001
2023-08-11,1240.77,234810000.0,0.011899999999999999
2023-08-14,1243.43,228140000.0,0.0021
2023-08-15,1241.24,185980000.0,-0.0018
2023-08-16,1256.95,248290000.0,0.0127
2023-08-17,1247.82,281530000.0,-0.0073
2023-08-18,1190.1,424010000.0,-0.0463
2023-08-21,1190.32,259170000.00000003,0.0002
2023-08-22,1193.51,266990000.0,0.0027
2023-08-23,1182.97,225110000.0,-0.0088
2023-08-24,1201.88,189180000.0,0.016
2023-08-25,1193.93,186680000.0,-0.0066
2023-08-28,1213.4,187940000.0,0.0163
2023-08-29,1215.47,206960000.0,0.0017000000000000001
2023-08-30,1225.56,214230000.0,0.0083
2023-08-31,1234.53,195050000.0,0.0073
2023-09-05,1244.64,252630000.0,0.008199999999999999
2023-09-06,1260.03,250660000.0,0.0124
2023-09-07,1255.22,274250000.0,-0.0038
2023-09-08,1249.14,228780000.0,-0.0048
2023-09-11,1230.71,328070000.0,-0.0148
2023-09-12,1255.83,213410000.0,0.0204
2023-09-13,1247.95,296260000.0,-0.0063
2023-09-14,1234.06,287970000.0,-0.0111
2023-09-15,1238.81,273160000.0,0.0038
2023-09-18,1223.7,210410000.0,-0.012199999999999999
2023-09-19,1225.5,226800000.0,0.0015
2023-09-20,1234.57,192770000.0,0.0074
2023-09-21,1219.19,254100000.0,-0.0125
2023-09-22,1197.69,362180000.0,-0.0176
2023-09-25,1159.94,263860000.0,-0.0315
2023-09-26,1153.37,242760000.0,-0.005699999999999999
2023-09-27,1168.6,190470000.0,0.0132
2023-09-28,1164.45,193650000.0,-0.0036
2023-09-29,1166.26,144900000.0,0.0016
2023-10-02,1167.13,119870000.0,0.0007000000000000001
2023-10-03,1130.89,260260000.0,-0.0311
2023-10-04,1138.54,159110000.0,0.0068000000000000005
2023-10-05,1124.48,131350000.0,-0.0123
2023-10-06,1139.78,137580000.0,0.013600000000000001
2023-10-09,1150.37,146630000.0,0.009300000000000001
2023-10-10,1160.28,155500000.0,0.0086
2023-10-11,1167.29,113750000.0,0.006
2023-10-12,1165.49,142880000.0,-0.0015
2023-10-13,1166.66,149210000.0,0.001
2023-10-16,1153.21,173240000.0,-0.0115
2023-10-17,1141.03,141760000.0,-0.0106
2023-10-18,1125.56,233690000.0,-0.013600000000000001
2023-10-19,1104.89,166990000.0,-0.0184
2023-10-20,1123.69,154960000.0,0.017
2023-10-23,1106.85,131289999.99999999,-0.015
2023-10-24,1117.12,111130000.0,0.009300000000000001
2023-10-25,1113.32,105620000.0,-0.0034000000000000002
2023-10-26,1064.95,311840000.0,-0.0434
2023-10-27,1067.57,169710000.0,0.0025
2023-10-30,1047.63,130430000.0,-0.0187
2023-10-31,1039.38,192350000.0,-0.0079
2023-11-01,1051.65,166560000.0,0.0118
2023-11-02,1087.5,195220000.0,0.0341
2023-11-03,1086.19,203950000.0,-0.0012
2023-11-06,1103.52,169810000.0,0.016
2023-11-07,1092.71,133870000.0,-0.0098
2023-11-08,1129.95,233460000.0,0.0341
2023-11-09,1122.95,231990000.0,-0.0062
2023-11-10,1109.05,205940000.0,-0.0124
2023-11-13,1106.72,185210000.0,-0.0021
2023-11-14,1119.28,222670000.0,0.0113
2023-11-15,1131.9,271850000.0,0.0113
2023-11-16,1132.6,140290000.0,0.0006
2023-11-17,1103.53,260940000.0,-0.025699999999999997
2023-11-20,1102.85,172460000.0,-0.0006
2023-11-21,1108.6,128419999.99999999,0.0052
2023-11-22,1109.8,152390000.0,0.0011
2023-11-23,1082.68,170080000.0,-0.024399999999999998
2023-11-24,1087.34,188230000.0,0.0043
2023-11-27,1078.42,127260000.0,-0.008199999999999999
2023-11-28,1088.51,132910000.0,0.009399999999999999
2023-11-29,1093.16,122220000.0,0.0043
2023-11-30,1081.7,141110000.0,-0.0105
2023-12-01,1090.39,123450000.0,0.008
2023-12-04,1107.16,261890000.0,0.0154
2023-12-05,1100.42,155060000.0,-0.0060999999999999995
2023-12-06,1109.27,157260000.0,0.008
2023-12-07,1111.35,299700000.0,0.0019
2023-12-08,1114.89,209970000.0,0.0032
2023-12-11,1117.34,149510000.0,0.0022
2023-12-12,1121.21,141870000.0,0.0034999999999999996
2023-12-13,1106.83,190650000.0,-0.0128
2023-12-14,1104.49,155390000.0,-0.0021
2023-12-15,1097.4,180850000.0,-0.0064
