"Date","Price","Open","High","Low","Vol.","Change %"
"12/15/2023","39,900","40,450","40,550","39,850","6.80M","-0.99%"
"12/14/2023","40,300","41,100","41,250","40,250","4.70M","-1.10%"
"12/13/2023","40,750","41,200","41,650","40,650","9.94M","-0.73%"
"12/12/2023","41,050","41,000","41,300","40,750","6.17M","0.12%"
"12/11/2023","41,000","40,150","41,300","40,100","8.70M","3.40%"
"12/08/2023","39,650","39,700","40,100","39,450","9.89M","-0.13%"
"12/07/2023","39,700","40,450","40,550","39,400","11.34M","-1.85%"
"12/06/2023","40,450","40,500","40,550","39,650","10.85M","-0.12%"
"12/05/2023","40,500","41,500","41,500","40,500","8.30M","-1.94%"
"12/04/2023","41,300","40,950","41,500","40,850","8.14M","0.98%"
"12/01/2023","40,900","41,300","41,400","40,400","6.97M","-0.97%"
"11/30/2023","41,300","41,200","41,350","40,600","7.74M","0.24%"
"11/29/2023","41,200","41,050","41,300","40,750","4.21M","1.10%"
"11/28/2023","40,750","39,800","40,750","39,650","7.38M","2.39%"
"11/27/2023","39,800","39,100","40,000","39,100","5.71M","1.79%"
"11/24/2023","39,100","39,000","39,200","38,050","7.38M","0.26%"
"11/23/2023","39,000","39,350","39,950","39,000","7.66M","0.00%"
"11/22/2023","39,000","39,400","39,600","38,850","4.81M","-0.26%"
"11/21/2023","39,100","39,750","39,750","38,900","4.79M","0.39%"
"11/20/2023","38,950","38,500","39,500","38,300","4.90M","0.00%"
"11/17/2023","38,950","41,300","41,750","38,500","16.31M","-5.35%"
"11/16/2023","41,150","41,400","41,650","40,800","5.39M","-0.72%"
"11/15/2023","41,450","41,800","42,600","41,350","8.59M","1.10%"
"11/14/2023","41,000","41,850","41,900","40,750","7.50M","-0.85%"
"11/13/2023","41,350","42,600","42,600","41,300","7.23M","-2.25%"
"11/10/2023","42,300","42,500","43,200","42,300","6.52M","-1.40%"
"11/09/2023","42,900","41,600","43,050","41,450","15.46M","4.63%"
"11/08/2023","41,000","39,950","41,500","39,200","7.70M","2.50%"
"11/07/2023","40,000","40,900","40,950","40,000","4.44M","-2.44%"
"11/06/2023","41,000","40,650","41,400","40,600","6.34M","1.23%"
"11/03/2023","40,500","40,450","40,550","39,950","8.27M","1.38%"
"11/02/2023","39,950","38,450","40,000","37,700","9.14M","3.90%"
"11/01/2023","38,450","38,900","39,000","36,750","9.75M","-1.41%"
"10/31/2023","39,000","39,200","39,700","38,000","7.71M","-0.51%"
"10/30/2023","39,200","39,000","40,000","37,750","6.76M","0.00%"
"10/27/2023","39,200","40,000","41,500","38,900","18.17M","-6.22%"
"10/26/2023","41,800","41,800","41,800","41,800","6.09M","-6.90%"
"10/25/2023","44,900","45,400","45,950","44,750","3.92M","0.67%"
"10/24/2023","44,600","44,900","45,000","44,000","3.18M","0.22%"
"10/23/2023","44,500","44,500","45,300","44,000","5.69M","0.00%"
"10/20/2023","44,500","42,500","44,800","41,700","3.19M","4.71%"
"10/19/2023","42,500","43,450","43,450","42,500","3.73M","-1.85%"
"10/18/2023","43,300","44,600","45,800","43,000","3.86M","-2.70%"
"10/17/2023","44,500","45,600","45,900","44,500","2.40M","-2.31%"
"10/16/2023","45,550","46,900","47,000","45,550","3.27M","-2.88%"
"10/13/2023","46,900","47,050","47,200","46,500","2.58M","-1.37%"
"10/12/2023","47,550","47,600","48,000","47,350","2.45M","0.32%"
"10/11/2023","47,400","47,700","47,800","46,850","2.92M","-1.25%"
"10/10/2023","48,000","47,150","48,000","46,900","4.83M","2.13%"
"10/09/2023","47,000","46,100","47,500","46,050","3.86M","2.06%"
"10/06/2023","46,050","44,850","46,150","44,550","3.43M","3.37%"
"10/05/2023","44,550","44,700","45,250","44,250","2.70M","-0.11%"
"10/04/2023","44,600","43,250","45,400","43,250","3.47M","1.25%"
"10/03/2023","44,050","45,000","45,250","44,050","4.66M","-3.72%"
"10/02/2023","45,750","45,600","46,200","45,200","1.82M","0.55%"
"09/29/2023","45,500","45,000","47,500","45,000","7.29M","2.25%"
"09/28/2023","44,500","45,100","45,500","44,050","3.41M","-1.33%"
"09/27/2023","45,100","45,000","45,800","43,850","6.50M","0.22%"
"09/26/2023","45,000","47,000","47,800","45,000","4.07M","-4.26%"
"09/25/2023","47,000","48,000","48,750","46,000","5.32M","-2.08%"
"09/22/2023","48,000","49,400","49,450","47,850","7.96M","-4.38%"
"09/21/2023","50,200","51,000","51,400","50,000","5.19M","-0.99%"
"09/20/2023","50,700","49,700","50,900","49,500","4.52M","2.74%"
"09/19/2023","49,350","50,000","50,700","49,000","7.52M","0.82%"
"09/18/2023","48,950","50,100","50,500","48,700","5.10M","-3.07%"
"09/15/2023","50,500","49,600","50,500","49,400","10.52M","3.06%"
"09/14/2023","49,000","52,100","52,300","49,000","11.64M","-5.95%"
"09/13/2023","52,100","53,800","53,800","52,100","11.95M","-2.62%"
"09/12/2023","53,500","52,800","53,500","52,000","7.42M","1.90%"
"09/11/2023","52,500","54,600","54,900","52,500","8.47M","-2.78%"
"09/08/2023","54,000","55,000","55,500","54,000","10.43M","-2.00%"
"09/07/2023","55,100","56,500","56,600","54,900","8.73M","-1.43%"
"09/06/2023","55,900","55,500","57,000","55,400","9.77M","1.08%"
"09/05/2023","55,300","55,200","55,500","54,400","9.06M","1.10%"
"08/31/2023","54,700","54,800","55,900","54,700","6.42M","0.18%"
"08/30/2023","54,600","54,600","55,100","54,100","5.03M","0.00%"
"08/29/2023","54,600","55,000","55,800","54,400","5.31M","-0.18%"
"08/28/2023","54,700","54,500","55,300","54,200","5.22M","1.11%"
"08/25/2023","54,100","55,500","55,500","54,000","5.13M","-2.35%"
"08/24/2023","55,400","54,900","56,100","54,400","4.65M","1.65%"
"08/23/2023","54,500","56,900","56,900","54,400","6.68M","-1.80%"
"08/22/2023","55,500","56,800","56,800","54,500","4.57M","-0.89%"
"08/21/2023","56,000","56,800","57,200","55,700","5.23M","-1.41%"
"08/18/2023","56,800","60,800","60,800","56,800","8.98M","-6.89%"
"08/17/2023","61,000","62,100","62,600","61,000","5.44M","-3.02%"
"08/16/2023","62,900","63,000","64,100","62,300","6.37M","1.94%"
"08/15/2023","61,700","61,200","62,500","60,900","5.69M","0.82%"
"08/14/2023","61,200","60,900","61,800","60,800","6.22M","0.49%"
"08/11/2023","60,900","62,300","62,500","59,800","4.79M","0.50%"
"08/10/2023","60,600","60,700","61,600","60,600","4.74M","0.00%"
"08/09/2023","60,600","62,300","62,700","60,600","5.59M","-3.50%"
"08/08/2023","62,800","62,900","63,800","62,500","5.30M","-0.16%"
"08/07/2023","62,900","63,700","63,700","61,600","3.40M","-0.16%"
"08/04/2023","63,000","60,900","63,800","60,600","4.72M","4.83%"
"08/03/2023","60,100","62,000","62,200","60,100","2.94M","-2.91%"
"08/02/2023","61,900","62,600","62,900","61,900","3.44M","-1.43%"
"08/01/2023","62,800","63,900","66,200","62,800","6.55M","-0.32%"
"07/31/2023","63,000","62,200","63,000","61,000","5.51M","6.96%"
"07/28/2023","58,900","57,700","58,900","57,400","2.87M","2.43%"
"07/27/2023","57,500","59,000","59,100","57,500","2.72M","-2.54%"
"07/26/2023","59,000","58,300","59,000","58,300","3.08M","0.68%"
"07/25/2023","58,600","58,800","59,200","58,200","3.62M","-0.85%"
"07/24/2023","59,100","59,500","59,500","58,100","2.05M","0.17%"
"07/21/2023","59,000","57,500","59,000","57,300","3.60M","2.25%"
"07/20/2023","57,700","58,500","58,500","57,300","3.59M","-1.37%"
"07/19/2023","58,500","58,800","59,000","58,200","2.22M","-0.51%"
"07/18/2023","58,800","58,500","59,400","58,000","2.91M","-0.34%"
"07/17/2023","59,000","56,700","59,000","56,500","4.27M","4.61%"
"07/14/2023","56,400","56,500","56,600","55,800","2.05M","0.18%"
"07/13/2023","56,300","55,400","56,300","55,300","3.01M","2.18%"
"07/12/2023","55,100","53,900","55,300","53,900","2.19M","2.23%"
"07/11/2023","53,900","53,600","53,900","53,600","2.62M","0.19%"
"07/10/2023","53,800","54,100","54,400","53,600","2.15M","-0.37%"
"07/07/2023","54,000","54,500","54,900","54,000","1.22M","-0.92%"
"07/06/2023","54,500","55,300","55,900","54,500","1.41M","-2.85%"
"07/05/2023","56,100","56,500","56,500","55,300","1.62M","-0.71%"
"07/04/2023","56,500","55,900","56,800","55,500","1.45M","1.07%"
"07/03/2023","55,900","55,000","55,900","55,000","1.04M","1.64%"
"06/30/2023","55,000","54,800","55,500","54,300","1.46M","0.00%"
"06/29/2023","55,000","55,400","55,400","54,900","1.25M","-0.72%"
"06/28/2023","55,400","56,100","56,200","55,000","1.39M","-0.89%"
"06/27/2023","55,900","55,500","55,900","55,400","991.90K","0.72%"
"06/26/2023","55,500","55,600","55,800","54,800","1.42M","-0.89%"
"06/23/2023","56,000","55,200","56,000","55,100","2.16M","0.54%"
"06/22/2023","55,700","55,000","55,700","54,700","1.91M","2.01%"
"06/21/2023","54,600","55,000","55,300","54,300","2.37M","-0.91%"
"06/20/2023","55,100","55,000","55,700","54,500","984.30K","0.18%"
"06/19/2023","55,000","56,100","56,100","54,800","1.53M","-1.79%"
"06/16/2023","56,000","56,400","56,900","55,000","2.45M","-0.88%"
"06/15/2023","56,500","57,000","57,900","55,800","2.45M","-0.88%"
"06/14/2023","57,000","56,800","58,200","56,700","2.46M","0.53%"
"06/13/2023","56,700","55,200","56,700","55,100","2.37M","2.35%"
"06/12/2023","55,400","55,500","55,500","54,400","1.15M","-0.18%"
"06/09/2023","55,500","55,000","55,800","54,800","1.05M","0.18%"
"06/08/2023","55,400","55,300","56,000","55,100","2.33M","0.18%"
"06/07/2023","55,300","55,300","55,700","54,500","1.86M","0.55%"
"06/06/2023","55,000","54,400","55,000","53,900","1.36M","2.42%"
"06/05/2023","53,700","54,000","55,100","53,300","1.43M","0.56%"
"06/02/2023","53,400","53,500","53,900","53,000","1.36M","0.75%"
"06/01/2023","53,000","53,500","54,000","53,000","913.70K","-0.93%"
"05/31/2023","53,500","55,000","55,000","53,500","1.54M","-2.55%"
"05/30/2023","54,900","56,000","56,000","54,600","1.39M","-1.08%"
"05/29/2023","55,500","55,000","56,300","55,000","1.61M","0.91%"
"05/26/2023","55,000","55,000","56,400","54,600","1.79M","0.00%"
"05/25/2023","55,000","54,700","55,600","54,000","1.61M","0.92%"
"05/24/2023","54,500","53,700","54,500","53,300","848.90K","1.49%"
"05/23/2023","53,700","54,500","54,500","53,000","1.16M","-0.74%"
"05/22/2023","54,100","55,000","55,000","53,500","1.65M","0.00%"
"05/19/2023","54,100","55,500","55,500","53,500","1.84M","-1.64%"
"05/18/2023","55,000","53,900","55,800","53,500","3.53M","3.00%"
"05/17/2023","53,400","52,200","53,900","52,200","3.11M","2.30%"
"05/16/2023","52,200","51,700","52,200","51,500","1.50M","0.97%"
"05/15/2023","51,700","52,000","52,500","51,500","1.70M","0.98%"
"05/12/2023","51,200","49,100","51,200","48,900","1.44M","4.17%"
"05/11/2023","49,150","49,500","49,500","48,950","523.90K","-0.41%"
"05/10/2023","49,350","49,300","49,400","48,900","518.80K","0.10%"
"05/09/2023","49,300","49,050","49,500","48,750","1.27M","-0.20%"
"05/08/2023","49,400","48,850","49,550","48,600","1.06M","0.82%"
"05/05/2023","49,000","49,150","49,500","48,600","793.20K","-1.01%"
"05/04/2023","49,500","49,500","49,500","48,200","1.31M","0.00%"
"04/28/2023","49,500","47,700","49,500","47,400","1.14M","4.21%"
"04/27/2023","47,500","48,000","48,700","46,850","2.65M","-1.04%"
"04/26/2023","48,000","49,900","49,900","48,000","2.28M","-4.38%"
"04/25/2023","50,200","51,200","51,200","49,850","2.14M","-0.59%"
"04/24/2023","50,500","50,800","52,000","50,200","1.34M","0.40%"
"04/21/2023","50,300","50,500","50,700","49,900","734.70K","-0.79%"
"04/20/2023","50,700","50,500","50,700","49,850","483.60K","0.60%"
"04/19/2023","50,400","50,800","51,200","50,000","973.10K","-0.79%"
"04/18/2023","50,800","50,900","51,300","50,500","1.76M","0.99%"
"04/17/2023","50,300","50,100","50,900","50,000","1.03M","0.60%"
"04/14/2023","50,000","50,700","51,500","49,700","1.32M","-0.99%"
"04/13/2023","50,500","51,600","51,700","50,300","1.34M","-2.13%"
"04/12/2023","51,600","51,900","52,100","51,000","2.03M","0.19%"
"04/11/2023","51,500","49,300","51,700","49,300","2.08M","3.41%"
"04/10/2023","49,800","51,400","51,500","49,800","1.33M","-1.78%"
"04/07/2023","50,700","51,200","51,500","50,300","779.80K","-0.98%"
"04/06/2023","51,200","52,000","52,200","51,200","1.03M","-1.92%"
"04/05/2023","52,200","51,000","52,300","50,600","2.19M","2.35%"
"04/04/2023","51,000","53,000","53,000","51,000","1.52M","-3.04%"
"04/03/2023","52,600","52,200","53,700","52,000","2.84M","2.14%"
"03/31/2023","51,500","49,600","51,500","49,600","2.72M","3.94%"
"03/30/2023","49,550","48,800","49,950","48,100","1.68M","3.23%"
"03/29/2023","48,000","48,050","48,050","47,100","1.25M","0.00%"
"03/28/2023","48,000","48,450","49,500","47,000","2.55M","-0.83%"
"03/27/2023","48,400","49,000","49,500","48,400","1.87M","-1.22%"
"03/24/2023","49,000","48,000","49,850","48,000","2.61M","2.08%"
"03/23/2023","48,000","47,400","48,000","46,850","2.27M","0.73%"
"03/22/2023","47,650","45,600","48,000","45,600","4.39M","4.96%"
"03/21/2023","45,400","43,000","45,500","43,000","2.54M","6.70%"
"03/20/2023","42,550","44,100","44,100","42,550","2.17M","-1.85%"
"03/17/2023","43,350","44,600","45,200","43,350","4.94M","-2.58%"
"03/16/2023","44,500","45,800","45,800","44,250","2.04M","-3.26%"
"03/15/2023","46,000","45,250","46,600","44,950","2.07M","2.79%"
"03/14/2023","44,750","44,200","45,350","44,100","2.84M","0.00%"
"03/13/2023","44,750","42,800","44,800","42,750","3.23M","4.43%"
"03/10/2023","42,850","42,400","43,000","42,000","2.54M","1.06%"
"03/09/2023","42,400","42,350","43,000","42,250","1.78M","0.12%"
"03/08/2023","42,350","41,300","42,350","41,300","1.95M","0.12%"
"03/07/2023","42,300","42,700","43,000","42,100","1.67M","0.48%"
"03/06/2023","42,100","41,750","43,200","41,500","3.00M","2.81%"
"03/03/2023","40,950","41,000","41,200","40,550","1.39M","-0.36%"
"03/02/2023","41,100","41,000","41,500","40,450","1.95M","-0.24%"
"03/01/2023","41,200","41,050","41,300","39,800","3.33M","-0.72%"
"02/28/2023","41,500","41,000","41,950","40,400","1.63M","1.47%"
"02/27/2023","40,900","40,000","40,900","39,400","5.33M","-0.24%"
"02/24/2023","41,000","41,700","42,000","40,900","3.01M","-2.38%"
"02/23/2023","42,000","42,600","42,850","40,600","4.59M","-1.41%"
"02/22/2023","42,600","44,600","44,800","42,600","3.71M","-5.75%"
"02/21/2023","45,200","45,500","46,150","45,100","1.57M","0.00%"
"02/20/2023","45,200","43,500","46,300","43,400","4.18M","4.39%"
"02/17/2023","43,300","42,700","43,600","42,500","2.06M","1.88%"
"02/16/2023","42,500","42,750","42,750","42,000","2.37M","0.00%"
"02/15/2023","42,500","42,700","42,700","41,600","4.29M","-0.58%"
"02/14/2023","42,750","44,000","44,200","42,200","3.88M","-3.72%"
"02/13/2023","44,400","44,800","45,000","43,400","2.47M","-2.20%"
"02/10/2023","45,400","45,000","45,750","45,000","1.60M","0.22%"
"02/09/2023","45,300","45,650","46,700","45,300","3.12M","-2.79%"
"02/08/2023","46,600","46,700","46,700","44,450","4.74M","-0.43%"
"02/07/2023","46,800","48,000","48,000","46,050","2.54M","-2.40%"
"02/06/2023","47,950","47,900","48,000","47,100","1.69M","-0.31%"
"02/03/2023","48,100","48,000","48,500","47,500","1.25M","0.42%"
"02/02/2023","47,900","48,500","49,200","47,700","2.16M","-0.21%"
"02/01/2023","48,000","50,700","50,900","48,000","3.65M","-5.70%"
"01/31/2023","50,900","51,500","51,800","50,400","1.31M","-1.17%"
"01/30/2023","51,500","53,300","53,500","51,500","1.35M","-3.38%"
"01/27/2023","53,300","52,400","53,900","51,900","1.28M","2.11%"
"01/19/2023","52,200","52,400","53,400","51,500","2.24M","-0.57%"
"01/18/2023","52,500","52,000","52,900","50,900","1.26M","0.96%"
"01/17/2023","52,000","51,300","52,000","49,550","1.45M","1.36%"
"01/16/2023","51,300","52,000","52,300","51,300","1.12M","-1.35%"
"01/13/2023","52,000","51,700","52,000","51,100","1.05M","0.97%"
"01/12/2023","51,500","51,100","51,700","51,000","1.24M","1.38%"
"01/11/2023","50,800","50,300","50,900","49,800","1.19M","2.11%"
"01/10/2023","49,750","50,100","50,400","49,750","894.10K","-0.90%"
"01/09/2023","50,200","50,200","50,500","49,700","1.20M","0.60%"
"01/06/2023","49,900","49,750","50,300","49,500","1.17M","0.40%"
"01/05/2023","49,700","49,000","50,000","49,000","1.95M","1.43%"
"01/04/2023","49,000","49,900","49,900","49,000","1.18M","-0.81%"
"01/03/2023","49,400","48,000","49,400","47,000","1.62M","2.92%"
"12/30/2022","48,000","49,000","49,000","47,550","1.20M","0.42%"
"12/29/2022","47,800","47,600","48,500","47,400","1.26M","0.21%"
"12/28/2022","47,700","47,700","48,500","46,500","1.49M","0.42%"
"12/27/2022","47,500","46,300","50,200","45,150","2.87M","1.06%"
"12/26/2022","47,000","49,500","49,600","47,000","2.14M","-5.62%"
"12/23/2022","49,800","49,400","50,000","48,200","1.35M","1.63%"
"12/22/2022","49,000","48,550","49,650","48,550","2.17M","1.03%"
"12/21/2022","48,500","48,800","48,800","46,600","1.88M","0.62%"
"12/20/2022","48,200","48,200","48,600","46,300","3.29M","0.00%"
"12/19/2022","48,200","49,400","50,200","48,200","2.14M","-2.23%"
"12/16/2022","49,300","50,300","51,200","49,300","3.49M","-2.76%"
"12/15/2022","50,700","53,000","53,100","50,700","2.95M","-4.34%"
"12/14/2022","53,000","53,700","53,700","51,400","3.22M","0.00%"
"12/13/2022","53,000","50,500","53,000","49,950","4.25M","4.95%"
"12/12/2022","50,500","54,200","54,200","50,500","3.87M","-6.65%"
"12/09/2022","54,100","55,400","55,600","53,700","3.33M","-2.35%"
"12/08/2022","55,400","57,000","57,000","54,500","4.14M","-0.18%"
"12/07/2022","55,500","54,200","56,700","54,200","3.60M","0.91%"
"12/06/2022","55,000","58,300","58,300","54,300","4.26M","-5.66%"
"12/05/2022","58,300","57,500","58,300","56,800","4.60M","1.92%"
"12/02/2022","57,200","53,500","57,200","53,000","6.36M","6.92%"
"12/01/2022","53,500","55,100","56,200","53,500","5.87M","-1.83%"
"11/30/2022","54,500","53,600","54,500","52,000","6.19M","2.64%"
"11/29/2022","53,100","51,600","53,100","50,400","7.43M","5.78%"
"11/28/2022","50,200","47,500","50,200","47,400","7.82M","6.81%"
"11/25/2022","47,000","46,000","47,050","45,800","3.34M","4.44%"
"11/24/2022","45,000","44,350","45,500","44,200","1.18M","1.35%"
"11/23/2022","44,400","45,000","46,000","44,300","1.11M","-1.99%"
"11/22/2022","45,300","45,800","48,500","45,300","1.85M","-3.51%"
"11/21/2022","46,950","48,000","48,000","45,750","2.71M","-2.19%"
"11/18/2022","48,000","47,950","48,800","46,600","3.64M","0.10%"
"11/17/2022","47,950","45,000","47,950","44,950","4.30M","6.79%"
"11/16/2022","44,900","43,000","45,000","41,500","3.37M","3.46%"
"11/15/2022","43,400","42,550","43,850","42,450","3.09M","-1.36%"
"11/14/2022","44,000","43,800","44,900","42,350","2.67M","-0.34%"
"11/11/2022","44,150","43,950","44,550","43,750","4.08M","0.46%"
"11/10/2022","43,950","44,100","44,100","42,300","4.02M","-1.35%"
"11/09/2022","44,550","43,800","45,000","43,800","4.93M","1.71%"
"11/08/2022","43,800","43,100","43,800","41,250","5.52M","-0.23%"
"11/07/2022","43,900","44,000","44,000","42,200","3.02M","-1.35%"
"11/04/2022","44,500","44,800","44,800","42,500","4.34M","-1.11%"
"11/03/2022","45,000","44,550","45,350","44,350","2.10M","0.22%"
"11/02/2022","44,900","45,000","45,500","44,700","2.26M","-0.22%"
"11/01/2022","45,000","45,800","46,200","45,000","2.62M","0.00%"
"10/31/2022","45,000","45,500","46,800","44,100","2.52M","0.22%"
"10/28/2022","44,900","44,500","46,300","44,100","3.08M","2.05%"
"10/27/2022","44,000","43,400","44,600","42,900","4.87M","1.15%"
"10/26/2022","43,500","44,600","44,600","41,750","3.70M","-2.47%"
"10/25/2022","44,600","44,600","44,700","41,500","6.29M","0.00%"
"10/24/2022","44,600","47,950","47,950","44,600","1.83M","-6.99%"
"10/21/2022","47,950","49,950","49,950","46,500","5.38M","-4.10%"
"10/20/2022","50,000","49,500","50,000","48,900","2.75M","0.00%"
"10/19/2022","50,000","50,400","50,500","49,050","1.24M","-0.99%"
"10/18/2022","50,500","50,000","50,500","48,350","2.55M","2.02%"
"10/17/2022","49,500","51,500","51,500","49,500","2.93M","-4.62%"
"10/14/2022","51,900","53,000","53,100","51,300","1.70M","-1.70%"
"10/13/2022","52,800","52,500","52,800","51,000","2.13M","0.57%"
"10/12/2022","52,500","51,800","52,900","50,500","2.06M","1.35%"
"10/11/2022","51,800","52,600","52,600","50,800","4.08M","-3.90%"
"10/10/2022","53,900","53,000","53,900","51,800","2.16M","0.19%"
"10/07/2022","53,800","53,600","53,800","50,700","4.05M","0.37%"
"10/06/2022","53,600","53,600","54,100","52,700","2.72M","-0.37%"
"10/05/2022","53,800","51,000","53,800","50,900","3.93M","6.32%"
"10/04/2022","50,600","50,700","50,700","48,300","2.98M","0.40%"
"10/03/2022","50,400","50,700","50,800","47,200","4.22M","-0.59%"
"09/30/2022","50,700","50,000","52,000","48,000","4.40M","-0.20%"
"09/29/2022","50,800","52,100","52,500","50,700","1.97M","-0.78%"
"09/28/2022","51,200","53,600","54,000","51,000","2.62M","-5.36%"
"09/27/2022","54,100","55,900","55,900","54,100","1.24M","-3.22%"
"09/26/2022","55,900","56,500","57,000","55,200","2.73M","-2.27%"
"09/23/2022","57,200","57,500","57,700","57,000","630.90K","-0.87%"
"09/22/2022","57,700","57,800","58,000","56,600","2.37M","-1.03%"
"09/21/2022","58,300","58,900","58,900","58,000","1.73M","-1.02%"
"09/20/2022","58,900","58,600","59,300","58,600","1.54M","0.86%"
"09/19/2022","58,400","59,600","59,800","58,400","1.94M","-2.01%"
"09/16/2022","59,600","60,000","61,100","59,600","2.37M","-1.49%"
"09/15/2022","60,500","60,000","60,500","59,800","1.91M","0.83%"
"09/14/2022","60,000","59,800","60,300","59,700","1.78M","-1.15%"
"09/13/2022","60,700","61,500","61,500","60,700","2.25M","-1.14%"
"09/12/2022","61,400","60,100","61,800","60,100","3.87M","2.50%"
"09/09/2022","59,900","59,800","60,200","59,500","1.44M","0.50%"
"09/08/2022","59,600","59,600","59,800","59,300","1.64M","0.17%"
"09/07/2022","59,500","61,000","61,100","59,500","1.85M","-2.62%"
"09/06/2022","61,100","61,200","61,500","61,000","1.29M","0.16%"
"09/05/2022","61,000","61,200","61,800","61,000","1.53M","0.00%"
"08/31/2022","61,000","59,900","61,400","59,700","2.84M","1.84%"
"08/30/2022","59,900","59,700","60,400","59,500","1.77M","0.34%"
"08/29/2022","59,700","59,600","59,800","58,900","2.04M","-1.00%"
"08/26/2022","60,300","61,000","61,400","60,200","851.20K","-1.15%"
"08/25/2022","61,000","59,900","61,200","59,800","2.03M","2.18%"
"08/24/2022","59,700","59,600","59,800","59,300","1.05M","0.34%"
"08/23/2022","59,500","59,200","59,700","59,100","1.35M","0.17%"
"08/22/2022","59,400","59,900","60,400","59,100","2.12M","-1.16%"
"08/19/2022","60,100","61,000","61,100","59,500","2.78M","-1.64%"
"08/18/2022","61,100","61,300","61,800","61,100","3.35M","-0.33%"
"08/17/2022","61,300","61,500","61,800","61,300","2.51M","0.00%"
"08/16/2022","61,300","61,500","61,800","61,100","1.11M","-0.33%"
"08/15/2022","61,500","61,500","62,300","61,300","2.19M","0.49%"
"08/12/2022","61,200","61,400","61,500","61,100","1.42M","-0.33%"
"08/11/2022","61,400","61,900","61,900","61,000","2.24M","0.16%"
"08/10/2022","61,300","61,000","62,300","60,800","1.59M","0.66%"
"08/09/2022","60,900","61,700","61,900","60,900","2.23M","-0.98%"
"08/08/2022","61,500","61,500","61,900","61,500","2.23M","-0.49%"
"08/05/2022","61,800","62,700","62,700","61,600","2.29M","-1.90%"
"08/04/2022","63,000","62,000","63,100","62,000","5.22M","1.78%"
"08/03/2022","61,900","62,000","62,700","61,400","2.01M","-0.96%"
"08/02/2022","62,500","59,800","62,800","59,400","4.32M","4.17%"
"08/01/2022","60,000","59,800","60,000","59,000","1.70M","0.17%"
"07/29/2022","59,900","58,900","60,500","58,800","3.24M","1.87%"
"07/28/2022","58,800","59,000","59,100","58,500","1.91M","0.34%"
"07/27/2022","58,600","58,500","58,800","58,500","502.80K","-0.17%"
"07/26/2022","58,700","59,000","59,300","58,500","737.10K","-0.34%"
"07/25/2022","58,900","58,500","59,100","58,500","1.23M","0.34%"
"07/22/2022","58,700","58,900","59,000","58,500","1.53M","-0.34%"
"07/21/2022","58,900","59,600","59,700","58,900","2.07M","-1.34%"
"07/20/2022","59,700","59,000","59,700","58,500","1.91M","1.53%"
"07/19/2022","58,800","58,600","59,100","58,600","1.86M","-0.34%"
"07/18/2022","59,000","60,000","60,000","59,000","2.02M","-1.67%"
"07/15/2022","60,000","59,500","60,200","59,400","2.30M","-0.17%"
"07/14/2022","60,100","60,100","60,300","59,200","1.91M","0.00%"
"07/13/2022","60,100","60,000","60,500","59,000","2.33M","-0.17%"
"07/12/2022","60,200","59,500","60,500","59,100","3.60M","-0.50%"
"07/11/2022","60,500","59,100","60,500","58,400","4.88M","-0.82%"
"07/08/2022","61,000","61,300","61,300","59,500","1.79M","0.00%"
"07/07/2022","61,000","59,000","61,000","58,300","2.10M","3.21%"
"07/06/2022","59,100","60,200","60,500","58,400","6.72M","-2.31%"
"07/05/2022","60,500","61,100","61,500","60,400","3.13M","-0.82%"
"07/04/2022","61,000","62,000","62,000","61,000","2.26M","-0.65%"
"07/01/2022","61,400","62,200","63,500","61,400","2.97M","-1.13%"
"06/30/2022","62,100","63,300","63,800","62,100","2.48M","-1.90%"
"06/29/2022","63,300","63,600","64,000","63,100","1.57M","-0.78%"
"06/28/2022","63,800","63,500","64,100","63,500","1.46M","0.47%"
"06/27/2022","63,500","63,200","64,900","63,200","2.67M","0.47%"
"06/24/2022","63,200","63,300","63,800","63,100","2.26M","0.00%"
"06/23/2022","63,200","63,900","64,200","63,000","5.53M","-2.47%"
"06/22/2022","64,800","64,500","65,000","63,500","3.46M","-0.31%"
"06/21/2022","65,000","64,700","65,000","63,800","2.37M","0.00%"
"06/20/2022","65,000","65,900","66,000","64,700","2.70M","-1.52%"
"06/17/2022","66,000","64,800","66,000","63,800","3.11M","0.00%"
"06/16/2022","66,000","65,900","66,700","65,600","2.44M","0.15%"
"06/15/2022","65,900","66,000","66,300","64,700","3.51M","-0.15%"
"06/14/2022","66,000","65,600","66,000","64,700","3.02M","0.00%"
"06/13/2022","66,000","66,500","67,000","65,200","3.37M","-3.37%"
"06/10/2022","68,300","67,200","68,300","67,200","2.45M","0.00%"
"06/09/2022","68,300","68,700","68,700","67,500","3.54M","-0.29%"
"06/08/2022","68,500","68,500","69,200","68,000","2.09M","0.00%"
"06/07/2022","68,500","69,000","69,000","67,800","3.57M","-1.15%"
"06/06/2022","69,300","69,400","69,500","68,200","3.33M","-0.14%"
"06/03/2022","69,400","68,600","69,400","68,000","2.75M","-0.14%"
"06/02/2022","69,500","70,100","70,100","68,600","3.12M","-1.14%"
"06/01/2022","70,300","69,600","70,300","69,000","3.70M","1.01%"
"05/31/2022","69,600","68,700","69,900","68,500","3.69M","1.61%"
"05/30/2022","68,500","68,014","68,500","66,848","2.59M","1.15%"
"05/27/2022","67,723","67,043","67,723","66,557","2.45M","1.46%"
"05/26/2022","66,751","65,974","67,626","65,974","3.05M","1.18%"
"05/25/2022","65,974","64,905","65,974","64,419","3.08M","1.50%"
"05/24/2022","65,002","63,933","65,002","63,836","2.24M","0.30%"
"05/23/2022","64,808","64,808","65,488","63,448","2.90M","-0.15%"
"05/20/2022","64,905","65,196","65,488","64,128","2.31M","-0.30%"
"05/19/2022","65,099","63,156","65,779","63,156","3.32M","0.15%"
"05/18/2022","65,002","65,002","65,002","63,448","4.27M","0.00%"
"05/17/2022","65,002","63,350","65,002","61,504","4.83M","1.67%"
"05/16/2022","63,933","66,071","66,168","62,670","5.30M","-3.24%"
"05/13/2022","66,071","66,945","66,945","62,670","6.92M","-1.31%"
"05/12/2022","66,945","67,237","67,917","65,099","4.12M","-2.27%"
"05/11/2022","68,500","67,043","69,180","66,654","3.07M","0.86%"
"05/10/2022","67,917","65,002","67,917","63,156","4.35M","2.79%"
"05/09/2022","66,071","65,974","66,557","64,516","5.66M","-1.02%"
"05/06/2022","66,751","65,099","66,848","64,808","5.56M","-0.15%"
"05/05/2022","66,848","62,767","66,848","62,573","7.52M","6.67%"
"05/04/2022","62,670","63,156","63,350","61,699","2.51M","-0.77%"
"04/29/2022","63,156","61,310","63,156","61,213","6.82M","0.78%"
"04/28/2022","62,670","63,059","63,059","60,824","6.29M","-0.77%"
"04/27/2022","63,156","62,476","63,156","60,921","4.77M","0.00%"
"04/26/2022","63,156","59,561","63,156","57,521","6.32M","3.17%"
"04/25/2022","61,213","63,156","63,253","58,492","6.86M","-2.63%"
"04/22/2022","62,865","62,865","63,933","62,087","6.19M","1.10%"
"04/21/2022","62,184","64,613","65,099","62,184","6.54M","-4.19%"
"04/20/2022","64,905","66,557","66,654","63,836","5.98M","-3.05%"
"04/19/2022","66,945","67,237","68,500","66,460","2.73M","-1.29%"
"04/18/2022","67,820","68,111","68,791","66,168","5.67M","-1.83%"
"04/15/2022","69,083","70,249","70,346","68,694","4.04M","-1.66%"
"04/14/2022","70,249","71,221","71,415","69,957","3.68M","-1.09%"
"04/13/2022","71,026","71,123","71,318","70,152","3.83M","0.14%"
"04/12/2022","70,929","72,775","72,969","70,929","4.36M","-2.80%"
"04/08/2022","72,969","72,969","73,844","72,387","4.47M","0.13%"
"04/07/2022","72,872","73,844","73,941","72,581","4.60M","-1.70%"
"04/06/2022","74,135","73,844","74,135","72,969","3.88M","-0.13%"
"04/05/2022","74,233","74,135","75,301","73,844","3.79M","0.13%"
"04/04/2022","74,135","74,816","74,816","73,941","3.13M","0.13%"
"04/01/2022","74,038","73,358","74,330","72,969","4.10M","0.53%"
"03/31/2022","73,650","73,455","73,844","72,969","3.39M","0.00%"
"03/30/2022","73,650","73,650","74,135","72,581","4.09M","-0.91%"
"03/29/2022","74,330","72,775","74,427","72,678","2.95M","2.14%"
"03/28/2022","72,775","73,164","73,552","72,289","3.71M","-1.32%"
"03/25/2022","73,747","73,650","74,135","73,358","2.71M","0.27%"
"03/24/2022","73,552","74,816","74,816","73,455","4.53M","-1.94%"
"03/23/2022","75,010","75,787","75,884","74,913","3.62M","-1.03%"
"03/22/2022","75,787","75,399","76,273","74,621","4.13M","0.65%"
"03/21/2022","75,301","73,164","75,301","73,067","4.45M","3.89%"
"03/18/2022","72,484","72,581","74,135","72,095","7.41M","0.81%"
"03/17/2022","71,901","71,901","73,650","71,804","2.87M","-0.27%"
"03/16/2022","72,095","72,192","72,387","71,609","4.05M","-0.40%"
"03/15/2022","72,387","72,678","72,678","71,609","4.16M","0.00%"
"03/14/2022","72,387","72,484","72,581","71,318","3.44M","-0.67%"
"03/11/2022","72,872","73,067","73,067","71,901","3.61M","-0.27%"
"03/10/2022","73,067","72,678","73,747","72,387","3.78M","1.62%"
"03/09/2022","71,901","72,872","72,872","71,706","7.40M","-0.80%"
"03/08/2022","72,484","73,747","74,330","72,484","6.03M","-2.10%"
"03/07/2022","74,038","75,010","75,010","73,650","7.63M","-2.18%"
"03/04/2022","75,690","75,787","76,273","75,010","4.10M","-0.13%"
"03/03/2022","75,787","75,690","76,273","75,010","3.94M","0.65%"
"03/02/2022","75,301","75,496","75,787","74,816","3.40M","-0.64%"
"03/01/2022","75,787","75,301","75,982","75,301","2.46M","0.65%"
"02/28/2022","75,301","76,079","76,370","75,301","2.84M","-1.02%"
"02/25/2022","76,079","76,759","77,050","76,079","2.69M","-0.38%"
"02/24/2022","76,370","77,050","77,245","74,913","5.28M","-1.01%"
"02/23/2022","77,148","77,536","78,022","77,050","2.85M","0.13%"
"02/22/2022","77,050","77,050","77,245","76,176","5.15M","-0.87%"
"02/21/2022","77,730","77,730","78,216","77,439","3.12M","0.38%"
"02/18/2022","77,439","77,730","78,022","77,342","3.37M","-1.36%"
"02/17/2022","78,508","77,730","78,508","77,439","2.80M","1.00%"
"02/16/2022","77,730","78,022","78,216","77,439","2.33M","0.00%"
"02/15/2022","77,730","75,884","78,605","75,884","3.78M","2.43%"
"02/14/2022","75,884","76,759","77,245","75,884","5.09M","-2.01%"
"02/11/2022","77,439","77,730","78,216","77,245","3.48M","-0.50%"
"02/10/2022","77,828","79,479","79,479","77,342","5.87M","-1.72%"
"02/09/2022","79,188","78,896","81,617","78,896","4.71M","0.37%"
"02/08/2022","78,896","80,160","80,160","78,702","3.10M","-1.22%"
"02/07/2022","79,868","79,285","80,645","78,896","4.87M","2.37%"
"01/28/2022","78,022","78,119","78,896","77,925","3.90M","-0.86%"
"01/27/2022","78,702","78,896","79,479","77,439","4.45M","-0.25%"
"01/26/2022","78,896","78,702","78,896","77,730","3.92M","0.25%"
"01/25/2022","78,702","74,330","78,702","73,552","5.76M","6.30%"
"01/24/2022","74,038","76,467","76,759","74,038","5.61M","-4.03%"
"01/21/2022","77,148","77,148","77,245","75,496","5.04M","1.02%"
"01/20/2022","76,370","75,399","77,342","75,204","3.63M","1.29%"
"01/19/2022","75,399","74,816","76,079","74,816","3.34M","0.78%"
"01/18/2022","74,816","76,953","77,730","73,941","8.07M","-2.65%"
"01/17/2022","76,856","79,965","80,160","76,856","8.31M","-3.77%"
"01/14/2022","79,868","79,674","80,451","79,285","3.59M","0.00%"
"01/13/2022","79,868","81,617","81,908","79,674","6.68M","-1.67%"
"01/12/2022","81,228","80,645","82,006","79,091","6.53M","0.00%"
"01/11/2022","81,228","83,074","83,269","80,645","6.14M","-2.11%"
"01/10/2022","82,977","83,074","84,921","82,200","9.92M","0.00%"
"01/07/2022","82,977","83,074","83,949","81,908","8.24M","0.12%"
"01/06/2022","82,880","81,617","83,560","81,617","10.55M","1.55%"
"01/05/2022","81,617","82,686","83,463","81,617","7.37M","-1.29%"
"01/04/2022","82,686","80,354","82,977","80,160","10.19M","3.78%"
"12/31/2021","79,674","79,674","79,965","79,285","4.63M","0.49%"
"12/30/2021","79,285","80,062","80,062","79,285","5.85M","-0.12%"
"12/29/2021","79,382","80,548","81,131","79,382","5.23M","-1.33%"
"12/28/2021","80,451","80,645","81,811","80,257","4.47M","0.00%"
"12/27/2021","80,451","80,743","81,131","79,188","5.00M","-0.12%"
"12/24/2021","80,548","80,354","80,937","79,868","6.81M","0.48%"
"12/23/2021","80,160","83,463","83,657","80,160","8.90M","-3.73%"
"12/22/2021","83,269","84,338","85,018","82,783","8.93M","-0.35%"
"12/21/2021","83,560","81,131","84,338","81,131","16.02M","2.99%"
"12/20/2021","81,131","82,783","82,783","80,937","4.65M","-1.18%"
"12/17/2021","82,103","80,062","83,560","80,062","25.19M","2.67%"
"12/16/2021","79,965","80,451","80,451","79,382","3.29M","-0.36%"
"12/15/2021","80,257","79,868","80,548","79,285","3.59M","0.61%"
"12/14/2021","79,771","80,160","80,645","79,577","3.08M","0.00%"
"12/13/2021","79,771","78,702","81,131","78,605","6.50M","1.48%"
"12/10/2021","78,605","78,994","79,285","78,313","4.33M","-0.86%"
"12/09/2021","79,285","78,799","79,479","78,313","2.77M","0.74%"
"12/08/2021","78,702","79,382","79,479","78,605","3.81M","-0.74%"
"12/07/2021","79,285","78,313","79,479","77,925","4.52M","2.38%"
"12/06/2021","77,439","78,605","78,799","77,148","6.64M","-0.62%"
"12/03/2021","77,925","80,257","80,743","77,925","5.70M","-2.55%"
"12/02/2021","79,965","80,840","81,034","79,965","4.81M","-0.72%"
"12/01/2021","80,548","81,811","82,103","80,451","6.79M","-2.01%"
"11/30/2021","82,200","83,074","83,074","80,645","8.50M","-0.24%"
"11/29/2021","82,394","79,285","82,394","79,285","11.27M","1.80%"
"11/26/2021","80,937","81,520","82,491","80,840","8.58M","-0.72%"
"11/25/2021","81,520","81,908","82,589","81,131","8.61M","0.24%"
"11/24/2021","81,326","80,354","81,326","79,479","7.32M","1.45%"
"11/23/2021","80,160","78,702","80,160","78,411","3.58M","1.85%"
"11/22/2021","78,702","78,896","79,188","77,439","6.33M","0.62%"
"11/19/2021","78,216","80,548","80,743","77,730","7.52M","-2.78%"
"11/18/2021","80,451","81,131","81,520","80,062","6.32M","-0.84%"
"11/17/2021","81,131","80,645","81,617","80,451","5.26M","0.60%"
"11/16/2021","80,645","81,617","81,908","80,354","6.11M","-1.19%"
"11/15/2021","81,617","80,160","82,006","79,771","9.67M","2.44%"
"11/12/2021","79,674","79,285","79,674","78,508","5.32M","0.61%"
"11/11/2021","79,188","80,354","80,451","79,091","9.43M","-1.33%"
"11/10/2021","80,257","81,034","81,131","80,257","4.15M","-0.48%"
"11/09/2021","80,645","80,160","82,103","79,674","8.14M","0.73%"
"11/08/2021","80,062","80,160","80,645","79,188","8.20M","0.49%"
"11/05/2021","79,674","79,868","80,451","79,285","8.24M","-0.85%"
"11/04/2021","80,354","80,160","81,131","79,479","8.24M","-0.24%"
"11/03/2021","80,548","82,686","83,074","80,257","11.23M","-2.47%"
"11/02/2021","82,589","82,006","82,783","81,908","5.78M","0.83%"
"11/01/2021","81,908","83,560","84,435","81,617","9.72M","-1.40%"
"10/29/2021","83,074","78,896","83,074","78,896","15.58M","5.56%"
"10/28/2021","78,702","78,994","79,188","78,216","5.31M","0.00%"
"10/27/2021","78,702","76,662","78,896","76,662","8.78M","2.92%"
"10/26/2021","76,467","76,662","77,050","76,273","2.94M","0.25%"
"10/25/2021","76,273","76,370","77,439","75,982","6.78M","0.64%"
"10/22/2021","75,787","75,982","76,662","75,787","4.15M","0.13%"
"10/21/2021","75,690","76,565","76,662","75,690","5.86M","-1.14%"
"10/20/2021","76,565","77,342","77,342","75,982","5.51M","-0.76%"
"10/19/2021","77,148","76,662","77,536","76,273","5.57M","0.63%"
"10/18/2021","76,662","76,565","77,245","76,273","4.54M","0.26%"
"10/15/2021","76,467","76,662","77,245","75,884","5.27M","-0.25%"
"10/14/2021","76,662","77,730","77,730","76,565","8.59M","-1.37%"
"10/13/2021","77,730","78,702","78,702","77,633","5.26M","-1.11%"
"10/12/2021","78,605","78,702","79,285","78,119","8.10M","-0.12%"
"10/11/2021","78,702","77,633","78,702","77,245","5.38M","1.38%"
"10/08/2021","77,633","77,536","78,508","77,439","3.47M","-0.12%"
"10/07/2021","77,730","78,313","78,508","77,439","2.56M","-0.62%"
"10/06/2021","78,216","77,439","78,216","77,342","4.49M","1.38%"
"10/05/2021","77,148","75,593","77,342","75,301","4.57M","1.80%"
"10/04/2021","75,787","74,816","75,982","74,038","4.10M","1.30%"
"10/01/2021","74,816","76,079","76,079","74,816","4.12M","-1.66%"
"09/30/2021","76,079","76,273","77,148","75,982","3.15M","0.13%"
"09/29/2021","75,982","76,273","76,662","75,496","2.99M","-0.38%"
"09/28/2021","76,273","75,301","77,148","75,204","5.30M","0.38%"
"09/27/2021","75,982","77,342","77,342","75,982","5.15M","-1.76%"
"09/24/2021","77,342","77,050","78,022","76,467","4.58M","0.38%"
"09/23/2021","77,050","75,884","77,245","75,787","4.69M","1.67%"
"09/22/2021","75,787","75,787","75,982","73,844","8.76M","0.65%"
"09/21/2021","75,301","76,273","77,536","73,941","13.43M","-3.00%"
"09/20/2021","77,633","78,508","78,799","77,633","5.46M","-1.60%"
"09/17/2021","78,896","77,828","79,188","77,342","6.87M","1.37%"
"09/16/2021","77,828","79,674","80,160","77,730","7.93M","-2.20%"
"09/15/2021","79,577","79,965","81,131","78,411","9.29M","0.59%"
"09/14/2021","79,110","79,110","80,145","78,888","14.26M","0.00%"
"09/13/2021","79,110","79,850","79,924","78,962","12.77M","-0.47%"
"09/10/2021","79,480","79,850","80,515","79,480","19.75M","-0.19%"
"09/09/2021","79,628","79,480","80,515","79,184","12.90M","-0.19%"
"09/08/2021","79,776","81,107","81,328","79,628","12.10M","-1.55%"
"09/07/2021","81,033","80,589","82,068","80,219","15.08M","1.11%"
"09/06/2021","80,145","79,776","80,515","78,962","17.00M","1.31%"
"09/01/2021","79,110","80,145","80,737","78,815","28.57M","0.56%"
"08/31/2021","78,667","79,110","79,184","78,519","13.74M","-0.47%"
"08/30/2021","79,036","79,184","79,628","78,815","11.42M","0.00%"
"08/27/2021","79,036","78,371","79,036","77,632","12.94M","0.28%"
"08/26/2021","78,815","79,110","79,406","77,632","17.14M","-0.37%"
"08/25/2021","79,110","79,480","79,776","78,962","21.04M","-0.28%"
"08/24/2021","79,332","79,480","79,924","78,741","26.90M","0.09%"
"08/23/2021","79,258","79,480","80,589","79,258","20.74M","-0.83%"
"08/20/2021","79,924","82,068","82,068","79,702","26.65M","-2.61%"
"08/19/2021","82,068","81,328","82,363","80,589","23.60M","0.91%"
"08/18/2021","81,328","81,328","83,916","79,776","30.57M","-0.90%"
"08/17/2021","82,068","85,025","85,395","81,698","25.97M","-4.31%"
"08/16/2021","85,764","90,127","90,127","84,729","24.29M","-3.33%"
"08/13/2021","88,722","87,243","89,239","86,652","13.21M","2.56%"
"08/12/2021","86,504","85,617","86,726","85,173","6.80M","0.86%"
"08/11/2021","85,764","86,504","87,021","85,321","10.73M","-0.86%"
"08/10/2021","86,504","87,613","88,056","86,504","10.01M","-0.34%"
"08/09/2021","86,800","84,212","86,800","83,916","8.23M","3.07%"
"08/06/2021","84,212","82,807","84,655","82,659","14.59M","1.97%"
"08/05/2021","82,585","81,624","82,585","81,254","6.84M","1.09%"
"08/04/2021","81,698","82,437","82,807","80,959","5.36M","-0.36%"
"08/03/2021","81,994","79,702","82,955","79,702","12.94M","2.59%"
"08/02/2021","79,924","79,850","80,145","79,184","6.25M","-0.18%"
"07/30/2021","80,071","79,850","80,441","79,110","6.15M","0.37%"
"07/29/2021","79,776","80,589","80,811","78,741","5.14M","1.31%"
"07/28/2021","78,741","79,184","79,628","78,075","6.38M","-1.21%"
"07/27/2021","79,702","81,846","81,920","79,554","6.95M","-1.64%"
"07/26/2021","81,033","79,480","81,772","79,258","3.58M","1.86%"
"07/23/2021","79,554","81,328","82,437","79,554","3.43M","-3.06%"
"07/22/2021","82,068","79,850","82,068","79,110","4.42M","2.78%"
"07/21/2021","79,850","79,480","80,441","78,815","3.95M","1.31%"
"07/20/2021","78,815","78,075","78,815","76,153","5.26M","2.21%"
"07/19/2021","77,114","79,036","79,628","76,375","4.15M","-4.31%"
"07/16/2021","80,589","81,550","81,698","80,367","2.75M","-1.18%"
"07/15/2021","81,550","80,219","81,772","80,219","5.92M","0.73%"
"07/14/2021","80,959","81,107","82,955","79,702","4.32M","0.00%"
"07/13/2021","80,959","81,254","81,254","78,371","3.33M","1.39%"
"07/12/2021","79,850","82,807","82,807","77,410","10.48M","-4.00%"
"07/09/2021","83,177","84,064","85,691","82,437","5.07M","-2.17%"
"07/08/2021","85,025","85,395","86,282","84,138","6.06M","-1.71%"
"07/07/2021","86,504","82,068","86,504","80,959","9.19M","6.07%"
"07/06/2021","81,550","87,317","88,056","81,550","5.53M","-6.92%"
"07/05/2021","87,613","87,982","87,982","85,173","5.92M","0.42%"
"07/02/2021","87,243","86,652","88,130","86,134","4.10M","0.68%"
"07/01/2021","86,652","86,578","87,613","86,356","4.81M","-0.68%"
"06/30/2021","87,243","87,982","89,018","86,726","6.68M","-0.51%"
"06/29/2021","87,687","85,764","88,278","85,617","7.68M","2.68%"
"06/28/2021","85,395","83,546","85,395","83,103","9.30M","3.03%"
"06/25/2021","82,881","83,472","83,916","82,511","3.70M","0.00%"
"06/24/2021","82,881","81,994","85,025","81,328","5.12M","0.72%"
"06/23/2021","82,290","82,807","82,807","80,515","5.04M","-0.18%"
"06/22/2021","82,437","82,733","83,029","82,437","3.25M","-0.45%"
"06/21/2021","82,807","82,733","83,546","82,068","4.36M","-0.44%"
"06/18/2021","83,177","81,328","85,764","80,441","6.23M","3.21%"
"06/17/2021","80,589","80,219","81,328","79,924","5.03M","-0.91%"
"06/16/2021","81,328","82,807","83,546","80,663","5.23M","-2.31%"
"06/15/2021","83,251","82,807","83,620","82,142","7.01M","2.46%"
"06/14/2021","81,254","79,184","81,994","79,184","9.79M","3.68%"
"06/11/2021","78,371","76,892","78,667","76,744","5.05M","1.83%"
"06/10/2021","76,966","78,001","79,110","76,892","4.38M","-1.89%"
"06/09/2021","78,445","78,371","78,962","77,262","4.32M","0.76%"
"06/08/2021","77,853","78,888","80,959","77,632","9.43M","-0.66%"
"06/07/2021","78,371","77,262","78,962","77,262","5.52M","1.44%"
"06/04/2021","77,262","79,110","79,332","76,744","4.73M","-0.85%"
"06/03/2021","77,927","77,336","78,371","77,336","6.56M","0.96%"
"06/02/2021","77,188","76,523","78,001","76,153","3.46M","0.38%"
"06/01/2021","76,892","75,414","78,149","74,896","5.03M","1.36%"
"05/31/2021","75,857","77,262","77,262","74,748","6.60M","-1.91%"
"05/28/2021","77,336","77,632","78,001","76,301","4.21M","0.19%"
"05/27/2021","77,188","78,371","79,480","72,974","5.89M","-1.23%"
"05/26/2021","78,149","77,336","79,258","76,744","6.08M","1.05%"
"05/25/2021","77,336","77,779","78,297","77,040","3.72M","-1.32%"
"05/24/2021","78,371","77,484","79,110","76,892","6.74M","2.02%"
"05/21/2021","76,818","75,044","77,040","74,305","7.90M","1.86%"
"05/20/2021","75,414","74,231","75,414","73,343","5.10M","1.59%"
"05/19/2021","74,231","73,196","74,452","72,826","3.73M","1.52%"
"05/18/2021","73,122","75,118","75,414","73,122","4.49M","-1.88%"
"05/17/2021","74,526","73,565","76,523","73,417","7.69M","3.70%"
"05/14/2021","71,865","71,717","72,826","71,643","3.89M","0.21%"
"05/13/2021","71,717","71,865","72,678","71,643","3.33M","-0.72%"
"05/12/2021","72,234","72,086","72,678","71,569","4.56M","-0.31%"
"05/11/2021","72,456","73,861","73,861","72,456","4.09M","-1.11%"
"05/10/2021","73,269","71,051","73,787","71,051","5.11M","2.06%"
"05/07/2021","71,791","72,826","73,565","71,717","6.65M","-1.62%"
"05/06/2021","72,974","73,639","74,674","72,974","3.63M","-0.90%"
"05/05/2021","73,639","73,343","74,822","73,343","3.71M","0.40%"
"05/04/2021","73,343","72,456","73,565","71,051","5.71M","-0.10%"
"04/29/2021","73,417","74,970","75,044","73,196","6.99M","-1.59%"
"04/28/2021","74,600","73,935","76,079","73,935","7.48M","0.90%"
"04/27/2021","73,935","73,639","74,748","72,604","5.17M","0.40%"
"04/26/2021","73,639","77,632","77,632","73,639","11.68M","-5.14%"
"04/23/2021","77,632","76,597","77,632","75,414","11.47M","1.84%"
"04/22/2021","76,227","80,589","83,103","76,227","8.64M","-5.06%"
"04/20/2021","80,293","79,332","82,659","78,815","19.85M","3.92%"
"04/19/2021","77,262","76,153","77,262","74,896","11.84M","3.47%"
"04/16/2021","74,674","74,822","77,262","72,456","8.57M","-0.20%"
"04/15/2021","74,822","75,266","77,262","74,452","10.36M","0.70%"
"04/14/2021","74,305","72,826","74,305","72,382","10.62M","-1.95%"
"04/13/2021","75,783","76,079","77,632","75,266","5.22M","0.69%"
"04/12/2021","75,266","73,565","75,414","73,417","4.25M","2.93%"
"04/09/2021","73,122","73,343","73,343","72,456","2.74M","-0.80%"
"04/08/2021","73,713","74,305","74,305","73,713","2.06M","-0.80%"
"04/07/2021","74,305","74,452","74,970","73,565","3.23M","-1.18%"
"04/06/2021","75,192","75,192","76,153","74,896","2.73M","0.00%"
"04/05/2021","75,192","77,632","77,632","74,674","3.45M","0.99%"
"04/02/2021","74,452","73,935","75,266","73,713","2.86M","1.72%"
"04/01/2021","73,196","72,086","73,565","71,791","3.35M","1.75%"
"03/31/2021","71,939","71,347","72,752","71,347","2.47M","1.04%"
"03/30/2021","71,199","71,125","72,382","70,904","3.77M","0.10%"
"03/29/2021","71,125","70,977","71,347","70,312","1.88M","0.52%"
"03/26/2021","70,756","71,347","71,495","69,573","2.95M","-1.03%"
"03/25/2021","71,495","71,865","72,234","70,238","3.13M","-0.51%"
"03/24/2021","71,865","72,160","72,456","70,977","2.73M","-1.52%"
"03/23/2021","72,974","72,900","73,343","72,456","1.72M","-0.60%"
"03/22/2021","73,417","72,974","73,565","72,456","2.05M","1.53%"
"03/19/2021","72,308","73,196","73,417","72,308","3.57M","-1.91%"
"03/18/2021","73,713","73,565","73,861","72,456","1.79M","0.40%"
"03/17/2021","73,417","73,048","73,713","72,530","2.61M","-0.20%"
"03/16/2021","73,565","73,639","73,787","72,530","1.71M","-0.30%"
"03/15/2021","73,787","73,861","73,935","72,826","2.97M","-0.10%"
"03/12/2021","73,861","73,935","74,822","73,417","2.25M","-0.10%"
"03/11/2021","73,935","74,674","74,970","73,122","2.24M","0.10%"
"03/10/2021","73,861","73,565","74,157","72,456","3.13M","1.73%"
"03/09/2021","72,604","71,717","73,417","70,386","2.86M","1.03%"
"03/08/2021","71,865","73,713","73,787","71,569","3.96M","-1.22%"
"03/05/2021","72,752","72,752","73,565","72,456","3.72M","-1.60%"
"03/04/2021","73,935","75,340","75,414","72,456","3.53M","-1.48%"
"03/03/2021","75,044","75,783","75,783","74,896","2.79M","-1.26%"
"03/02/2021","76,005","76,892","77,262","75,192","3.20M","-0.19%"
"03/01/2021","76,153","75,414","76,449","75,340","2.99M","1.38%"
"02/26/2021","75,118","74,896","76,005","74,231","3.10M","-1.17%"
"02/25/2021","76,005","76,153","76,597","75,044","2.99M","0.00%"
"02/24/2021","76,005","78,371","78,371","74,674","4.84M","-2.37%"
"02/23/2021","77,853","78,223","78,667","76,892","2.65M","-0.47%"
"02/22/2021","78,223","76,597","78,519","76,597","5.71M","2.62%"
"02/19/2021","76,227","75,414","76,449","74,896","2.49M","-0.10%"
"02/18/2021","76,301","74,674","76,301","73,935","5.85M","2.18%"
"02/17/2021","74,674","72,456","74,822","71,717","4.81M","4.34%"
"02/09/2021","71,569","70,904","71,939","69,425","3.47M","2.22%"
"02/08/2021","70,016","73,417","73,491","68,390","6.24M","-4.63%"
"02/05/2021","73,417","73,122","73,639","72,678","2.92M","0.91%"
"02/04/2021","72,752","71,865","73,122","70,386","3.25M","1.23%"
"02/03/2021","71,865","69,868","73,122","69,868","4.38M","2.97%"
"02/02/2021","69,795","65,802","69,795","65,063","3.58M","6.91%"
"02/01/2021","65,284","69,203","70,238","65,284","3.42M","-5.56%"
"01/29/2021","69,129","62,105","69,129","62,105","7.11M","6.98%"
"01/28/2021","64,619","64,693","66,320","64,619","4.16M","-6.92%"
"01/27/2021","69,425","70,977","72,604","67,650","4.31M","-4.18%"
"01/26/2021","72,456","73,639","73,713","70,238","2.74M","-1.51%"
"01/25/2021","73,565","73,565","74,009","72,900","2.78M","0.20%"
"01/22/2021","73,417","73,491","74,674","73,122","2.94M","0.30%"
"01/21/2021","73,196","72,456","73,491","72,308","3.92M","1.54%"
"01/20/2021","72,086","71,717","76,153","69,868","4.49M","0.72%"
"01/19/2021","71,569","73,935","74,452","69,499","4.62M","-4.16%"
"01/18/2021","74,674","75,414","76,005","73,639","2.98M","-0.59%"
"01/15/2021","75,118","74,452","75,118","73,491","2.70M","2.01%"
"01/14/2021","73,639","74,600","74,822","72,900","4.26M","-1.29%"
"01/13/2021","74,600","76,892","76,966","73,639","3.86M","-2.42%"
"01/12/2021","76,449","77,484","77,558","76,227","3.72M","0.29%"
"01/11/2021","76,227","72,456","76,227","72,160","5.87M","6.95%"
"01/08/2021","71,273","70,608","71,569","70,460","2.84M","1.69%"
"01/07/2021","70,090","70,090","70,312","69,055","3.80M","0.00%"
"01/06/2021","70,090","71,421","71,421","69,647","3.69M","-0.84%"
"01/05/2021","70,682","67,872","70,977","67,650","3.71M","3.91%"
"01/04/2021","68,020","67,281","68,685","66,467","4.00M","2.79%"
"12/31/2020","66,172","67,429","67,576","66,172","1.65M","-0.78%"
"12/30/2020","66,689","66,985","68,020","66,541","2.64M","-0.11%"
"12/29/2020","66,763","64,841","66,911","64,397","4.49M","2.96%"
"12/28/2020","64,841","65,432","65,506","64,102","2.48M","0.11%"
"12/25/2020","64,767","63,732","64,767","63,288","2.06M","1.51%"
"12/24/2020","63,806","65,063","65,137","62,475","3.49M","-1.26%"
"12/23/2020","64,619","64,619","65,802","64,175","4.19M","0.58%"
"12/22/2020","64,249","64,471","64,989","63,880","2.81M","-0.23%"
"12/21/2020","64,397","63,288","64,545","63,288","4.32M","2.11%"
"12/18/2020","63,066","62,623","63,584","62,549","3.95M","0.71%"
"12/17/2020","62,623","63,584","63,584","62,475","6.33M","-1.74%"
"12/16/2020","63,732","63,584","64,028","63,214","2.36M","0.23%"
"12/15/2020","63,584","63,954","65,137","62,845","5.27M","-1.15%"
"12/14/2020","64,323","63,140","64,323","62,845","3.87M","2.35%"
"12/11/2020","62,845","61,810","62,845","61,662","3.13M","1.67%"
"12/10/2020","61,810","63,140","63,362","61,810","3.13M","-1.65%"
"12/09/2020","62,845","62,475","63,066","62,253","2.78M","0.71%"
"12/08/2020","62,401","62,771","63,362","62,327","1.99M","-0.35%"
"12/07/2020","62,623","62,475","62,919","61,957","1.92M","-0.24%"
"12/04/2020","62,771","62,845","62,993","62,179","2.85M","0.00%"
"12/03/2020","62,771","63,288","63,288","62,475","2.18M","-0.35%"
"12/02/2020","62,993","61,514","63,436","61,514","6.11M","2.28%"
"12/01/2020","61,588","60,257","61,588","60,257","3.38M","0.85%"
"11/30/2020","61,070","61,736","62,327","60,774","4.59M","-0.48%"
"11/27/2020","61,366","61,144","61,736","60,701","2.63M","0.36%"
"11/26/2020","61,144","61,292","61,514","60,701","3.01M","-0.96%"
"11/25/2020","61,736","62,105","63,362","61,662","4.61M","-0.36%"
"11/24/2020","61,957","59,887","61,957","59,591","7.10M","3.97%"
"11/23/2020","59,591","58,704","59,813","58,630","6.64M","2.67%"
"11/20/2020","58,039","57,669","58,261","57,373","3.50M","1.29%"
"11/19/2020","57,300","57,300","57,817","57,078","3.19M","0.26%"
"11/18/2020","57,152","57,817","57,817","57,152","2.61M","-1.28%"
"11/17/2020","57,891","56,930","57,891","56,708","2.93M","2.22%"
"11/16/2020","56,634","58,113","58,556","56,190","5.32M","-2.17%"
"11/13/2020","57,891","57,078","58,039","57,078","3.15M","1.42%"
"11/12/2020","57,078","56,634","57,300","56,634","1.90M","0.78%"
"11/11/2020","56,634","57,595","57,743","56,634","3.53M","-1.03%"
"11/10/2020","57,226","58,187","58,409","57,226","4.72M","-0.77%"
"11/09/2020","57,669","56,190","57,669","56,190","4.87M","3.04%"
"11/06/2020","55,969","55,969","56,190","55,895","2.20M","0.00%"
"11/05/2020","55,969","56,190","56,856","55,969","2.31M","-0.26%"
"11/04/2020","56,117","56,190","56,560","55,969","2.37M","0.13%"
"11/03/2020","56,043","56,338","56,338","55,821","2.69M","-0.13%"
"11/02/2020","56,117","56,190","56,412","55,747","1.51M","-0.13%"
"10/30/2020","56,190","56,930","56,930","55,377","3.92M","-0.26%"
"10/29/2020","56,338","55,821","56,708","55,747","2.71M","0.79%"
"10/28/2020","55,895","57,078","57,447","55,895","4.08M","-2.58%"
"10/27/2020","57,373","58,409","58,556","57,373","3.15M","-1.15%"
"10/26/2020","58,039","59,518","59,961","58,039","4.77M","-1.26%"
"10/23/2020","58,778","57,669","59,074","57,521","7.58M","2.58%"
"10/22/2020","57,300","56,560","57,300","56,338","2.07M","1.44%"
"10/21/2020","56,486","56,486","57,447","56,338","2.42M","0.26%"
"10/20/2020","56,338","56,264","56,634","56,043","2.93M","0.13%"
"10/19/2020","56,264","56,782","56,930","56,190","3.21M","-1.17%"
"10/16/2020","56,930","57,595","57,595","56,856","2.35M","-0.65%"
"10/15/2020","57,300","58,187","58,482","57,300","3.50M","-1.27%"
"10/14/2020","58,039","57,965","58,335","57,743","2.64M","0.51%"
"10/13/2020","57,743","57,595","58,113","57,373","1.60M","0.77%"
"10/12/2020","57,300","57,078","58,556","56,930","5.54M","0.65%"
"10/09/2020","56,930","56,634","57,226","56,560","1.89M","0.52%"
"10/08/2020","56,634","56,930","57,078","56,412","1.36M","-0.26%"
"10/07/2020","56,782","56,264","57,226","56,264","3.37M","0.92%"
"10/06/2020","56,264","56,190","56,782","56,190","1.96M","0.13%"
"10/05/2020","56,190","56,190","56,856","56,117","1.41M","0.13%"
"10/02/2020","56,117","56,930","57,226","55,451","2.25M","-1.56%"
"10/01/2020","57,004","56,412","57,078","56,264","1.77M","2.12%"
"09/30/2020","55,821","55,673","56,486","55,525","2.18M","0.27%"
"09/29/2020","55,673","56,708","56,856","55,525","4.90M","-1.70%"
"09/28/2020","56,634","57,152","57,521","56,634","2.62M","-0.65%"
"09/25/2020","57,004","57,004","57,595","56,930","1.20M","0.00%"
"09/24/2020","57,004","57,300","57,965","57,004","2.22M","-0.52%"
"09/23/2020","57,300","56,930","57,595","56,856","1.82M","0.91%"
"09/22/2020","56,782","57,004","57,078","56,560","2.10M","-0.39%"
"09/21/2020","57,004","57,004","57,373","57,004","2.18M","0.26%"
"09/18/2020","56,856","56,930","57,078","56,708","2.33M","0.26%"
"09/17/2020","56,708","57,078","57,226","56,634","2.35M","-0.65%"
"09/16/2020","57,078","56,634","57,447","56,634","1.79M","0.52%"
"09/15/2020","56,782","57,595","57,595","56,560","6.13M","-0.90%"
"09/14/2020","57,300","57,447","57,891","57,300","2.37M","-0.26%"
"09/11/2020","57,447","57,743","57,817","57,300","3.05M","-0.51%"
"09/10/2020","57,743","58,409","59,591","57,521","5.50M","-0.64%"
"09/09/2020","58,113","57,669","58,113","57,300","2.54M","0.13%"
"09/08/2020","58,039","58,556","58,852","57,817","2.36M","-0.76%"
"09/07/2020","58,482","59,370","60,035","58,409","2.62M","-1.13%"
"09/04/2020","59,148","58,556","59,370","58,261","2.82M","0.50%"
"09/03/2020","58,852","58,482","59,591","58,187","3.79M","1.14%"
"09/01/2020","58,187","57,891","58,335","57,300","2.04M","0.26%"
"08/31/2020","58,039","58,039","58,556","57,817","2.19M","-0.13%"
"08/28/2020","58,113","58,409","58,482","57,891","2.27M","0.13%"
"08/27/2020","58,039","58,704","58,778","57,817","3.06M","-1.26%"
"08/26/2020","58,778","58,852","59,370","58,630","2.92M","-0.13%"
"08/25/2020","58,852","59,148","59,518","58,852","2.48M","-0.50%"
"08/24/2020","59,148","59,148","59,591","58,926","1.92M","0.63%"
"08/21/2020","58,778","59,148","59,222","58,778","1.40M","-0.63%"
"08/20/2020","59,148","59,148","60,774","59,000","3.16M","0.00%"
"08/19/2020","59,148","58,778","59,813","58,335","1.50M","0.50%"
"08/18/2020","58,852","58,926","58,926","58,113","1.85M","-0.13%"
"08/17/2020","58,926","58,409","59,074","57,965","1.44M","0.00%"
"08/14/2020","58,926","58,335","59,813","58,335","1.55M","0.38%"
"08/13/2020","58,704","58,778","58,926","58,187","2.63M","0.00%"
"08/12/2020","58,704","58,852","58,852","57,965","1.95M","0.00%"
"08/11/2020","58,704","59,074","59,074","58,113","1.18M","-0.25%"
"08/10/2020","58,852","59,000","59,148","58,335","2.20M","0.00%"
"08/07/2020","58,852","58,926","59,148","58,113","1.56M","0.00%"
"08/06/2020","58,852","58,409","59,074","58,113","1.39M","0.00%"
"08/05/2020","58,852","58,409","58,926","57,521","1.69M","0.76%"
"08/04/2020","58,409","58,778","58,778","57,521","1.80M","0.64%"
"08/03/2020","58,039","56,930","58,261","56,782","1.93M","1.03%"
"07/31/2020","57,447","55,155","57,595","55,155","3.14M","1.44%"
"07/30/2020","56,634","54,712","57,078","54,712","2.13M","3.51%"
"07/29/2020","54,712","55,673","55,673","53,677","2.35M","-2.37%"
"07/28/2020","56,043","52,642","56,043","52,642","3.33M","6.91%"
"07/27/2020","52,420","53,233","55,081","52,420","3.46M","-6.71%"
"07/24/2020","56,190","57,669","58,261","55,081","3.44M","-3.55%"
"07/23/2020","58,261","57,300","58,261","57,300","1.15M","1.68%"
"07/22/2020","57,300","58,261","58,778","56,930","2.22M","-1.65%"
"07/21/2020","58,261","58,630","58,778","57,300","2.74M","-0.50%"
"07/20/2020","58,556","59,518","59,961","58,409","1.77M","-1.62%"
"07/17/2020","59,518","60,257","60,257","59,444","1.09M","-1.23%"
"07/16/2020","60,257","59,961","60,257","59,370","1.20M","0.49%"
"07/15/2020","59,961","60,109","61,366","59,739","3.06M","0.74%"
"07/14/2020","59,518","58,261","59,887","58,039","1.90M","1.77%"
"07/13/2020","58,482","59,222","59,222","58,482","1.29M","-0.38%"
"07/10/2020","58,704","59,518","59,665","58,409","2.22M","-1.73%"
"07/09/2020","59,739","59,739","60,405","59,370","1.59M","0.50%"
"07/08/2020","59,444","59,370","59,887","59,000","1.04M","-0.49%"
"07/07/2020","59,739","59,887","60,553","59,518","1.84M","0.00%"
"07/06/2020","59,739","57,891","60,257","57,226","5.63M","3.86%"
"07/03/2020","57,521","56,930","57,521","56,856","1.80M","1.17%"
"07/02/2020","56,856","56,930","57,226","56,486","1.16M","0.00%"
"07/01/2020","56,856","55,673","56,930","55,673","1.22M","1.85%"
"06/30/2020","55,821","55,451","56,930","54,934","2.99M","-0.87%"
"06/29/2020","56,309","57,070","57,070","55,700","1.39M","-2.12%"
"06/26/2020","57,527","57,831","58,288","57,070","980.16K","0.13%"
"06/25/2020","57,451","56,918","57,755","56,538","1.61M","-0.26%"
"06/24/2020","57,603","59,125","59,810","57,451","2.61M","-2.57%"
"06/23/2020","59,125","59,886","59,886","57,907","2.79M","-0.77%"
"06/22/2020","59,581","58,820","59,657","58,516","3.64M","2.35%"
"06/19/2020","58,212","57,907","58,744","57,907","2.19M","0.00%"
"06/18/2020","58,212","57,527","58,364","57,375","2.13M","0.66%"
"06/17/2020","57,831","58,059","59,049","57,070","2.82M","1.47%"
"06/16/2020","56,994","55,396","56,994","54,863","4.00M","7.00%"
"06/15/2020","53,265","57,527","57,603","53,265","4.36M","-6.67%"
"06/12/2020","57,070","55,929","57,527","55,929","4.10M","-1.96%"
"06/11/2020","58,212","58,973","59,810","58,212","7.43M","-1.29%"
"06/10/2020","58,973","59,049","59,201","58,516","4.18M","-0.13%"
"06/09/2020","59,049","59,353","59,886","58,896","3.69M","-0.26%"
"06/08/2020","59,201","59,353","59,886","58,973","3.46M","0.65%"
"06/05/2020","58,820","58,668","59,277","58,288","2.85M","-0.26%"
"06/04/2020","58,973","59,353","59,886","58,592","4.07M","-0.51%"
"06/03/2020","59,277","59,353","59,581","58,896","3.45M","0.13%"
"06/02/2020","59,201","60,190","60,266","59,125","3.43M","-1.64%"
"06/01/2020","60,190","58,896","60,494","58,820","4.23M","3.26%"
"05/29/2020","58,288","57,527","58,668","57,451","5.12M","2.13%"
"05/28/2020","57,070","56,994","57,831","56,614","5.65M","0.40%"
"05/27/2020","56,842","58,212","59,049","56,766","4.90M","-2.22%"
"05/26/2020","58,135","58,973","59,277","58,135","3.90M","-0.52%"
"05/25/2020","58,440","58,135","59,733","56,918","6.06M","0.39%"
"05/22/2020","58,212","58,592","58,896","57,527","2.80M","-1.92%"
"05/21/2020","59,353","58,973","59,733","58,440","2.95M","1.17%"
"05/20/2020","58,668","55,472","58,668","55,396","5.59M","5.33%"
"05/19/2020","55,700","55,548","56,842","55,016","4.80M","1.81%"
"05/18/2020","54,711","54,255","55,244","53,950","2.15M","0.42%"
"05/15/2020","54,483","54,026","54,787","53,646","2.02M","1.42%"
"05/14/2020","53,722","53,950","54,331","53,570","2.95M","-1.12%"
"05/13/2020","54,331","55,244","55,548","53,950","4.39M","-2.86%"
"05/12/2020","55,929","55,777","56,233","54,787","2.30M","0.00%"
"05/11/2020","55,929","54,026","56,233","53,874","3.63M","3.67%"
"05/08/2020","53,950","51,744","55,016","51,591","4.73M","4.88%"
"05/07/2020","51,439","51,363","51,744","50,374","1.92M","0.89%"
"05/06/2020","50,983","48,396","51,363","48,243","5.57M","5.35%"
"05/05/2020","48,396","49,233","49,841","48,243","3.12M","-2.00%"
"05/04/2020","49,385","48,396","49,385","48,396","2.05M","2.04%"
"04/29/2020","48,396","49,156","49,461","48,167","3.51M","-1.55%"
"04/28/2020","49,156","50,983","52,124","49,080","4.72M","0.15%"
"04/27/2020","49,080","49,841","50,907","48,700","1.61M","-0.77%"
"04/24/2020","49,461","50,678","50,830","48,928","2.79M","-2.40%"
"04/23/2020","50,678","50,983","51,287","49,917","1.42M","1.83%"
"04/22/2020","49,765","49,613","51,744","49,613","1.69M","-3.82%"
"04/21/2020","51,744","51,744","51,972","50,298","1.58M","-0.73%"
"04/20/2020","52,124","52,809","52,809","51,744","666.08K","0.00%"
"04/17/2020","52,124","51,363","52,657","51,363","954.29K","1.48%"
"04/16/2020","51,363","51,439","51,896","50,830","872.22K","-0.44%"
"04/15/2020","51,591","52,048","52,505","51,363","693.71K","-0.30%"
"04/14/2020","51,744","51,744","52,428","50,602","835.24K","1.04%"
"04/13/2020","51,211","51,744","52,885","51,059","584.31K","0.30%"
"04/10/2020","51,059","52,124","52,657","50,983","667.30K","-2.75%"
"04/09/2020","52,505","53,265","53,950","52,352","1.11M","-1.43%"
"04/08/2020","53,265","49,080","53,265","48,700","1.24M","6.06%"
"04/07/2020","50,222","49,841","50,222","47,254","1.17M","6.97%"
"04/06/2020","46,950","45,656","46,950","44,591","694.23K","6.93%"
"04/03/2020","43,906","42,765","43,906","42,004","1.22M","5.29%"
"04/01/2020","41,699","40,482","43,602","40,482","720.07K","-0.36%"
"03/31/2020","41,851","42,460","44,058","39,569","859.31K","-1.43%"
"03/30/2020","42,460","42,460","43,373","42,460","1.21M","-7.00%"
"03/27/2020","45,656","45,656","46,721","44,515","924.00K","-1.64%"
"03/26/2020","46,417","44,971","47,939","43,526","2.63M","3.22%"
"03/25/2020","44,971","43,373","44,971","41,091","2.38M","6.87%"
"03/24/2020","42,080","42,156","44,439","42,080","2.65M","-6.90%"
"03/23/2020","45,200","45,656","47,178","45,200","257.66K","-6.90%"
"03/20/2020","48,548","52,124","52,124","48,548","1.76M","-6.86%"
"03/19/2020","52,124","51,211","52,733","49,461","1.93M","-1.44%"
"03/18/2020","52,885","53,037","53,494","51,363","2.22M","-0.57%"
"03/17/2020","53,189","51,363","54,331","51,363","1.42M","-2.65%"
"03/16/2020","54,635","54,026","54,635","51,363","1.26M","-0.28%"
"03/13/2020","54,787","50,983","54,787","50,983","1.74M","0.00%"
"03/12/2020","54,787","57,451","57,451","54,179","1.51M","-5.88%"
"03/11/2020","58,212","58,212","58,440","54,179","1.21M","0.00%"
"03/10/2020","58,212","54,026","58,212","54,026","1.37M","1.60%"
"03/09/2020","57,298","59,810","59,810","57,298","1.27M","-6.92%"
"03/06/2020","61,560","60,875","61,560","60,114","441.66K","-0.12%"
"03/05/2020","61,636","60,951","62,016","60,951","469.44K","0.62%"
"03/04/2020","61,255","60,190","61,255","60,038","1.17M","0.00%"
"03/03/2020","61,255","61,255","61,712","61,027","965.28K","0.00%"
"03/02/2020","61,255","60,190","61,331","60,114","582.37K","0.12%"
"02/28/2020","61,179","59,733","61,179","59,733","1.12M","-0.50%"
"02/27/2020","61,484","60,799","61,636","60,114","1.66M","-0.12%"
"02/26/2020","61,560","63,158","63,158","61,103","847.44K","-2.65%"
"02/25/2020","63,234","62,625","63,766","61,636","533.39K","-1.07%"
"02/24/2020","63,919","63,386","64,756","63,386","805.19K","-2.44%"
"02/21/2020","65,517","65,821","66,125","65,440","239.42K","-0.92%"
"02/20/2020","66,125","65,821","66,430","65,364","352.79K","1.05%"
"02/19/2020","65,440","65,136","65,821","64,832","668.34K","0.00%"
"02/18/2020","65,440","65,897","66,201","65,136","421.03K","-0.81%"
"02/17/2020","65,973","66,962","66,962","65,821","213.98K","-1.03%"
"02/14/2020","66,658","65,060","67,419","65,060","625.98K","1.86%"
"02/13/2020","65,440","65,593","65,745","65,060","547.36K","-0.58%"
"02/12/2020","65,821","65,973","65,973","65,593","513.92K","0.35%"
"02/11/2020","65,593","65,440","65,745","65,060","782.72K","0.00%"
"02/10/2020","65,593","65,517","65,973","65,288","485.68K","-0.92%"
"02/07/2020","66,201","66,125","66,810","66,049","763.89K","0.23%"
"02/06/2020","66,049","65,669","66,201","65,440","629.75K","0.93%"
"02/05/2020","65,440","66,049","66,049","64,984","3.13M","0.35%"
"02/04/2020","65,212","64,832","65,821","64,680","1.08M","0.59%"
"02/03/2020","64,832","63,310","65,364","62,397","981.90K","-2.63%"
"01/31/2020","66,582","66,582","67,343","66,277","1.67M","0.11%"
"01/30/2020","66,506","66,354","66,810","65,288","1.84M","-2.24%"
"01/22/2020","68,028","66,506","68,104","66,430","874.99K","2.17%"
"01/21/2020","66,582","65,440","66,582","65,440","849.78K","1.75%"
"01/20/2020","65,440","65,440","65,745","65,212","925.38K","0.00%"
"01/17/2020","65,440","65,593","66,886","65,440","717.85K","-0.12%"
"01/16/2020","65,517","65,745","65,745","65,364","574.42K","-0.23%"
"01/15/2020","65,669","65,821","65,821","65,288","546.84K","0.00%"
"01/14/2020","65,669","65,593","66,049","65,517","470.08K","0.00%"
"01/13/2020","65,669","64,527","66,049","64,299","1.15M","2.13%"
"01/10/2020","64,299","63,386","64,603","62,929","909.71K","1.44%"
"01/09/2020","63,386","63,462","63,690","63,082","547.62K","0.97%"
"01/08/2020","62,777","63,158","63,538","61,636","719.80K","-1.55%"
"01/07/2020","63,766","63,158","64,527","63,158","767.47K","0.48%"
"01/06/2020","63,462","64,375","64,680","63,005","1.33M","-2.11%"
"01/03/2020","64,832","64,603","64,984","64,375","512.81K","0.35%"
"01/02/2020","64,603","64,299","65,060","64,299","310.18K","0.12%"
"12/31/2019","64,527","65,060","65,288","64,299","559.86K","-0.82%"
"12/30/2019","65,060","64,223","65,897","64,223","1.17M","1.18%"
"12/27/2019","64,299","64,071","64,603","63,462","675.58K","0.36%"
"12/26/2019","64,071","63,690","64,603","63,310","554.54K","0.60%"
"12/25/2019","63,690","63,690","64,071","63,005","470.37K","0.00%"
"12/24/2019","63,690","63,386","63,766","62,245","1.09M","-0.12%"
"12/23/2019","63,766","64,680","64,680","63,614","739.34K","-0.48%"
"12/20/2019","64,071","63,919","65,136","63,919","1.98M","0.36%"
"12/19/2019","63,842","63,766","64,680","62,777","1.36M","0.00%"
"12/18/2019","63,842","64,451","65,060","63,158","1.74M","-1.87%"
"12/17/2019","65,060","65,517","66,201","64,375","1.12M","-0.70%"
"12/16/2019","65,517","66,658","67,343","65,136","1.87M","-3.37%"
"12/13/2019","67,799","69,397","69,550","67,799","544.97K","-2.30%"
"12/12/2019","69,397","69,321","69,397","68,484","1.15M","0.11%"
"12/11/2019","69,321","69,473","69,626","68,028","839.36K","-0.44%"
"12/10/2019","69,626","70,234","70,234","66,962","2.01M","-0.54%"
"12/09/2019","70,006","70,006","70,767","69,626","813.10K","0.00%"
"12/06/2019","70,006","70,006","70,158","69,702","3.28M","0.00%"
"12/05/2019","70,006","70,615","71,147","69,854","4.44M","0.22%"
"12/04/2019","69,854","69,778","70,234","68,941","3.19M","0.00%"
"12/03/2019","69,854","69,397","70,234","68,104","4.37M","-0.11%"
"12/02/2019","69,930","70,387","70,767","69,550","5.73M","0.00%"
"11/29/2019","69,930","69,702","70,006","69,093","3.69M","0.33%"
"11/28/2019","69,702","70,767","70,767","69,626","3.38M","-1.50%"
"11/27/2019","70,767","71,147","71,147","70,615","2.78M","-0.32%"
"11/26/2019","70,995","71,528","71,604","70,995","4.27M","0.11%"
"11/25/2019","70,919","70,387","71,452","69,778","2.99M","-0.32%"
"11/22/2019","71,147","72,974","72,974","68,712","4.93M","-1.89%"
"11/21/2019","72,517","73,202","73,354","72,365","4.16M","-0.94%"
"11/20/2019","73,202","73,963","73,963","72,441","2.61M","-0.31%"
"11/19/2019","73,430","73,430","74,876","72,974","3.00M","0.21%"
"11/18/2019","73,278","73,430","73,659","72,822","1.52M","0.00%"
"11/15/2019","73,278","73,963","74,115","73,202","1.32M","-0.10%"
"11/14/2019","73,354","74,800","75,561","73,202","1.92M","-0.72%"
"11/13/2019","73,887","74,420","74,724","73,506","1.70M","-0.72%"
"11/12/2019","74,420","75,333","75,637","74,191","1.80M","-0.91%"
"11/11/2019","75,104","74,876","75,865","74,496","994.71K","0.20%"
"11/08/2019","74,952","75,713","76,017","74,572","1.60M","-1.01%"
"11/07/2019","75,713","75,409","77,844","75,409","2.71M","0.10%"
"11/06/2019","75,637","74,115","76,854","74,115","2.18M","1.53%"
"11/05/2019","74,496","73,050","74,952","72,898","2.39M","1.98%"
"11/04/2019","73,050","72,822","74,191","72,061","1.46M","0.84%"
"11/01/2019","72,441","68,028","72,441","67,875","3.37M","6.97%"
"10/31/2019","67,723","67,571","68,332","67,495","1.31M","0.22%"
"10/30/2019","67,571","66,962","67,799","66,734","958.93K","1.37%"
"10/29/2019","66,658","66,201","66,962","66,125","1.32M","1.86%"
"10/28/2019","65,440","65,440","65,973","65,060","947.02K","0.00%"
"10/25/2019","65,440","65,440","65,593","64,984","885.48K","-0.12%"
"10/24/2019","65,517","65,212","65,517","64,832","706.63K","0.23%"
"10/23/2019","65,364","65,440","65,440","64,680","696.21K","-0.12%"
"10/22/2019","65,440","65,821","66,049","65,364","455.82K","-0.58%"
"10/21/2019","65,821","66,201","66,201","65,136","630.02K","-0.57%"
"10/18/2019","66,201","65,821","66,430","65,593","426.06K","0.58%"
"10/17/2019","65,821","65,669","66,962","64,908","894.89K","0.12%"
"10/16/2019","65,745","65,745","65,745","64,908","819.30K","0.00%"
"10/15/2019","65,745","66,582","66,810","65,288","836.07K","-1.71%"
"10/14/2019","66,886","67,267","67,267","66,582","371.34K","-0.57%"
"10/11/2019","67,267","67,419","67,419","66,962","585.00K","-0.11%"
"10/10/2019","67,343","67,419","67,419","66,658","466.88K","0.00%"
"10/09/2019","67,343","67,419","67,571","67,038","381.19K","-0.11%"
"10/08/2019","67,419","67,723","67,723","67,038","409.51K","-0.45%"
"10/07/2019","67,723","67,723","67,723","67,115","625.85K","-0.22%"
"10/04/2019","67,875","68,104","68,104","67,267","557.09K","-0.11%"
"10/03/2019","67,952","67,343","67,952","66,962","425.28K","0.34%"
"10/02/2019","67,723","67,875","67,952","67,343","600.72K","-0.22%"
"10/01/2019","67,875","68,104","68,104","67,495","301.51K","-0.11%"
"09/30/2019","67,952","68,484","68,484","67,647","638.46K","0.00%"
"09/27/2019","67,952","67,495","68,332","67,191","500.43K","0.68%"
"09/26/2019","67,495","68,104","68,408","66,582","694.02K","-0.89%"
"09/25/2019","68,104","67,799","68,408","67,495","295.32K","0.00%"
"09/24/2019","68,104","68,104","68,332","67,647","372.53K","0.00%"
"09/23/2019","68,104","68,180","68,408","67,571","347.45K","-0.11%"
"09/20/2019","68,180","68,789","68,789","68,104","1.34M","-0.77%"
"09/19/2019","68,712","68,789","68,789","67,191","657.89K","-0.11%"
"09/18/2019","68,789","68,712","68,865","68,408","568.35K","0.11%"
"09/17/2019","68,712","67,343","68,865","67,267","1.20M","2.03%"
"09/16/2019","67,343","66,277","67,647","66,277","732.50K","0.57%"
"09/13/2019","66,962","66,506","66,962","65,517","470.31K","1.27%"
"09/12/2019","66,125","66,506","66,506","65,669","376.78K","0.69%"
"09/11/2019","65,669","66,582","66,810","65,288","714.70K","-1.93%"
"09/10/2019","66,962","67,267","67,343","66,430","412.94K","-0.45%"
"09/09/2019","67,267","67,571","67,571","66,886","438.00K","-0.45%"
"09/06/2019","67,571","67,723","67,723","66,962","316.87K","-0.22%"
"09/05/2019","67,723","67,723","68,180","67,419","558.69K","0.00%"
"09/04/2019","67,723","66,734","67,875","66,354","1.12M","1.60%"
"09/03/2019","66,658","66,810","66,886","66,354","316.45K","-0.23%"
"08/30/2019","66,810","66,049","66,962","66,049","567.09K","1.15%"
"08/29/2019","66,049","66,049","66,201","64,908","447.94K","0.00%"
"08/28/2019","66,049","65,440","66,582","65,440","386.63K","0.23%"
"08/27/2019","65,897","65,364","66,886","65,364","1.13M","0.82%"
"08/26/2019","65,364","64,680","65,593","64,680","487.88K","-1.26%"
"08/23/2019","66,201","66,962","66,962","66,201","757.35K","-1.02%"
"08/22/2019","66,886","66,582","66,886","66,049","494.43K","0.69%"
"08/21/2019","66,430","65,897","66,962","65,745","712.52K","0.69%"
"08/20/2019","65,973","64,071","66,049","64,071","835.02K","2.97%"
"08/19/2019","64,071","63,919","64,147","63,538","444.57K","0.84%"
"08/16/2019","63,538","63,614","64,832","63,538","766.44K","-0.60%"
"08/15/2019","63,919","62,397","63,919","61,636","479.53K","1.20%"
"08/14/2019","63,158","63,538","64,223","63,158","633.52K","0.12%"
"08/13/2019","63,082","63,919","63,919","62,473","940.21K","-1.54%"
"08/12/2019","64,071","63,462","64,147","63,386","297.88K","0.24%"
"08/09/2019","63,919","64,680","64,680","63,614","458.30K","-0.59%"
"08/08/2019","64,299","63,919","65,060","62,929","722.85K","1.81%"
"08/07/2019","63,158","63,910","64,135","62,631","941.88K","0.60%"
"08/06/2019","62,782","63,534","63,684","62,331","1.25M","-2.00%"
"08/05/2019","64,060","66,917","67,669","64,060","1.17M","-5.54%"
"08/02/2019","67,819","66,616","67,819","66,240","815.59K","-0.33%"
"08/01/2019","68,045","66,917","68,270","66,165","1.19M","2.61%"
"07/31/2019","66,316","63,910","67,067","63,910","1.29M","5.00%"
"07/30/2019","63,158","67,218","67,218","63,158","1.28M","-4.33%"
"07/29/2019","66,015","65,789","66,165","65,263","549.94K","0.34%"
"07/26/2019","65,789","65,789","66,090","65,113","616.07K","0.00%"
"07/25/2019","65,789","64,511","66,842","64,285","1.79M","1.98%"
"07/24/2019","64,511","64,661","65,188","64,060","705.89K","0.00%"
"07/23/2019","64,511","63,609","64,661","63,383","1.07M","1.42%"
"07/22/2019","63,609","63,534","63,609","63,007","613.24K","0.12%"
"07/19/2019","63,534","63,158","64,135","62,707","1.34M","0.60%"
"07/18/2019","63,158","62,406","63,158","62,406","667.51K","0.00%"
"07/17/2019","63,158","63,082","64,285","63,082","1.06M","0.12%"
"07/16/2019","63,082","61,654","63,158","61,654","1.08M","2.32%"
"07/15/2019","61,654","62,406","62,406","61,128","926.96K","-1.32%"
"07/12/2019","62,481","62,481","62,932","61,955","814.87K","0.00%"
"07/11/2019","62,481","62,932","63,082","62,481","510.26K","-0.36%"
"07/10/2019","62,707","62,481","63,007","62,481","417.60K","0.36%"
"07/09/2019","62,481","62,406","63,007","62,030","753.40K","0.12%"
"07/08/2019","62,406","63,910","64,060","62,406","865.83K","-3.49%"
"07/05/2019","64,661","63,308","64,661","62,782","1.60M","1.18%"
"07/04/2019","63,910","61,654","63,910","61,579","2.70M","3.66%"
"07/03/2019","61,654","60,601","61,654","60,225","1.97M","1.11%"
"07/02/2019","60,977","60,902","61,052","60,150","1.41M","0.12%"
"07/01/2019","60,902","59,774","60,902","59,624","1.42M","2.14%"
"06/28/2019","59,624","57,594","59,774","57,519","1.21M","2.32%"
"06/27/2019","58,270","59,398","59,398","58,270","1.06M","-1.90%"
"06/26/2019","59,398","59,624","59,849","59,173","1.53M","-0.63%"
"06/25/2019","59,774","60,000","60,225","59,774","1.13M","0.00%"
"06/24/2019","59,774","59,098","60,451","59,098","1.89M","1.27%"
"06/21/2019","59,022","59,098","59,624","59,022","4.86M","0.13%"
"06/20/2019","58,947","58,947","59,323","58,646","2.03M","0.38%"
"06/19/2019","58,722","58,646","58,872","58,496","948.44K","0.13%"
"06/18/2019","58,646","58,496","58,646","57,368","2.13M","0.00%"
"06/17/2019","58,646","60,075","60,075","58,346","595.82K","-2.38%"
"06/14/2019","60,075","59,248","60,075","59,098","627.67K","-0.12%"
"06/13/2019","60,150","59,774","60,150","57,594","2.63M","0.00%"
"06/12/2019","60,150","61,278","61,278","59,774","1.16M","-2.32%"
"06/11/2019","61,579","61,654","61,654","61,128","487.98K","-0.12%"
"06/10/2019","61,654","62,406","62,406","61,203","775.27K","-0.24%"
"06/07/2019","61,804","60,526","62,406","60,075","744.09K","2.37%"
"06/06/2019","60,376","60,526","60,752","59,323","757.50K","-0.37%"
"06/05/2019","60,601","61,052","61,278","60,376","588.42K","0.00%"
"06/04/2019","60,601","60,526","60,902","59,323","725.26K","0.00%"
"06/03/2019","60,601","61,654","61,654","59,849","685.39K","-1.71%"
"05/31/2019","61,654","62,556","62,556","60,902","937.21K","-0.73%"
"05/30/2019","62,105","62,857","63,007","62,030","1.21M","-1.20%"
"05/29/2019","62,857","63,158","63,308","62,707","1.20M","0.12%"
"05/28/2019","62,782","63,458","63,609","62,782","1.87M","-1.07%"
"05/27/2019","63,458","63,534","63,834","63,458","633.83K","-0.12%"
"05/24/2019","63,534","65,188","65,188","63,534","1.11M","-2.31%"
"05/23/2019","65,037","65,113","65,113","64,737","490.33K","0.00%"
"05/22/2019","65,037","64,812","66,090","64,812","913.26K","-0.23%"
"05/21/2019","65,188","66,090","66,240","65,188","1.37M","-0.11%"
"05/20/2019","65,263","65,037","65,263","64,511","829.84K","0.12%"
"05/17/2019","65,188","65,413","65,413","64,887","1.03M","-0.34%"
"05/16/2019","65,413","64,661","65,488","64,436","1.24M","1.16%"
"05/15/2019","64,661","64,060","65,037","64,060","1.47M","1.18%"
"05/14/2019","63,910","63,158","64,661","63,158","1.72M","0.00%"
"05/13/2019","63,910","63,007","64,060","63,007","899.17K","1.19%"
"05/10/2019","63,158","64,361","64,661","63,007","1.27M","-0.59%"
"05/09/2019","63,534","63,910","64,361","62,857","1.28M","-1.28%"
"05/08/2019","64,361","65,413","65,639","64,210","1.16M","-2.62%"
"05/07/2019","66,090","67,519","67,519","65,940","749.18K","-1.24%"
"05/06/2019","66,917","67,669","67,669","66,616","679.31K","-1.55%"
"05/03/2019","67,970","69,022","69,022","67,970","807.49K","-1.09%"
"05/02/2019","68,722","69,173","69,398","68,346","588.26K","-0.65%"
"04/26/2019","69,173","67,819","69,173","67,594","1.39M","2.00%"
"04/25/2019","67,819","67,293","67,819","67,218","884.10K","0.56%"
"04/24/2019","67,443","67,443","67,819","67,443","818.25K","0.79%"
"04/23/2019","66,917","67,443","67,669","66,842","643.38K","-1.11%"
"04/22/2019","67,669","67,443","67,669","66,616","275.11K","1.12%"
"04/19/2019","66,917","66,917","67,970","66,917","336.65K","0.00%"
"04/18/2019","66,917","67,594","68,045","66,240","792.58K","-0.89%"
"04/17/2019","67,519","68,421","69,097","67,443","989.75K","-1.32%"
"04/16/2019","68,421","67,669","69,097","66,015","1.19M","-2.46%"
"04/12/2019","70,150","70,225","70,376","69,173","389.47K","-0.21%"
"04/11/2019","70,300","69,774","70,526","69,323","303.37K","1.08%"
"04/10/2019","69,549","70,526","70,526","69,398","426.92K","-1.39%"
"04/09/2019","70,526","71,428","72,180","69,925","1.27M","-0.85%"
"04/08/2019","71,128","69,925","71,128","69,699","854.52K","2.16%"
"04/05/2019","69,624","69,549","70,075","69,248","590.54K","0.65%"
"04/04/2019","69,173","69,699","69,774","68,646","636.41K","0.00%"
"04/03/2019","69,173","69,323","69,323","68,496","365.75K","-0.22%"
"04/02/2019","69,323","70,225","70,451","69,173","467.60K","-0.22%"
"04/01/2019","69,473","69,473","70,526","69,022","434.82K","0.98%"
"03/29/2019","68,797","70,676","70,902","68,797","1.37M","-1.72%"
"03/28/2019","70,000","67,894","70,150","67,669","1.16M","3.33%"
"03/27/2019","67,744","68,421","68,421","67,594","506.51K","0.22%"
"03/26/2019","67,594","67,669","68,195","67,293","803.37K","1.01%"
"03/25/2019","66,917","67,293","67,293","65,789","1.03M","-2.31%"
"03/22/2019","68,496","66,917","68,571","66,165","1.24M","3.29%"
"03/21/2019","66,316","69,925","69,925","66,316","1.31M","-4.34%"
"03/20/2019","69,323","70,000","70,225","68,421","1.38M","-1.91%"
"03/19/2019","70,676","71,428","71,579","70,300","1.43M","-0.32%"
"03/18/2019","70,902","70,676","71,353","70,676","1.37M","1.07%"
"03/15/2019","70,150","70,676","70,676","69,549","3.25M","-0.74%"
"03/14/2019","70,676","70,902","71,128","69,774","920.65K","0.00%"
"03/13/2019","70,676","69,624","72,180","69,549","2.15M","1.84%"
"03/12/2019","69,398","68,571","69,624","68,346","1.12M","2.56%"
"03/11/2019","67,669","68,421","69,398","67,669","693.86K","-1.64%"
"03/08/2019","68,797","69,173","69,849","68,722","909.80K","-0.54%"
"03/07/2019","69,173","69,173","71,654","69,097","1.70M","0.22%"
"03/06/2019","69,022","68,421","69,097","68,270","770.13K","0.88%"
"03/05/2019","68,421","69,323","69,849","68,045","1.50M","-2.36%"
"03/04/2019","70,075","69,173","70,300","67,368","1.18M","2.42%"
"03/01/2019","68,421","66,541","68,722","65,789","1.05M","4.00%"
"02/28/2019","65,789","69,248","69,398","65,789","1.65M","-5.61%"
"02/27/2019","69,699","69,925","70,150","68,797","1.17M","0.76%"
"02/26/2019","69,173","69,173","69,925","67,669","1.43M","0.00%"
"02/25/2019","69,173","71,052","71,503","68,646","1.09M","-1.18%"
"02/22/2019","70,000","71,428","72,556","69,699","1.24M","-3.72%"
"02/21/2019","72,706","68,045","72,706","67,067","1.57M","6.97%"
"02/20/2019","67,970","65,413","68,270","65,413","1.06M","3.91%"
"02/19/2019","65,413","62,030","65,940","62,030","1.62M","6.10%"
"02/18/2019","61,654","61,278","61,654","60,752","789.10K","0.99%"
"02/15/2019","61,052","61,654","61,654","60,977","548.92K","-0.86%"
"02/14/2019","61,579","60,451","62,105","60,225","1.26M","2.38%"
"02/13/2019","60,150","60,225","60,752","59,624","658.46K","0.00%"
"02/12/2019","60,150","60,451","60,451","59,774","690.57K","0.12%"
"02/11/2019","60,075","60,000","60,902","59,849","459.04K","-0.12%"
"02/01/2019","60,150","60,150","60,150","59,849","1.27M","0.00%"
"01/31/2019","60,150","61,654","61,654","59,849","1.00M","-2.44%"
"01/30/2019","61,654","60,451","61,654","60,451","321.02K","0.61%"
"01/29/2019","61,278","61,278","61,278","60,526","434.52K","1.12%"
"01/28/2019","60,601","60,150","60,601","58,496","369.91K","3.33%"
"01/25/2019","58,646","59,022","59,173","58,270","294.14K","-1.02%"
"01/24/2019","59,248","59,849","59,849","58,646","229.77K","-1.00%"
"01/23/2019","59,849","60,075","60,150","59,398","278.99K","0.00%"
"01/22/2019","59,849","60,601","60,902","59,849","371.44K","-1.12%"
"01/21/2019","60,526","60,902","60,902","60,150","534.96K","0.00%"
"01/18/2019","60,526","60,451","60,977","59,398","376.15K","0.88%"
"01/17/2019","60,000","60,827","61,052","60,000","278.63K","-0.62%"
"01/16/2019","60,376","60,075","61,654","59,473","425.61K","0.50%"
"01/15/2019","60,075","57,895","60,075","57,895","386.76K","3.36%"
"01/14/2019","58,120","58,646","58,646","57,594","252.10K","0.91%"
"01/11/2019","57,594","56,316","57,594","56,165","313.94K","2.68%"
"01/10/2019","56,090","56,015","56,090","55,263","141.11K","0.54%"
"01/09/2019","55,789","56,015","56,015","55,639","120.54K","0.00%"
"01/08/2019","55,789","55,639","55,789","54,962","267.10K","0.00%"
"01/07/2019","55,789","56,090","56,090","55,113","241.84K","0.27%"
"01/04/2019","55,639","54,135","56,015","53,308","360.93K","1.09%"
"01/03/2019","55,037","54,210","55,037","53,759","617.77K","-0.41%"
"01/02/2019","55,263","55,413","55,413","54,661","434.75K","0.14%"
"12/28/2018","55,188","55,488","56,015","55,188","518.95K","0.14%"
"12/27/2018","55,113","55,564","55,564","54,812","396.10K","1.81%"
"12/26/2018","54,135","54,962","55,263","53,684","712.32K","-2.04%"
"12/25/2018","55,263","54,887","55,639","54,361","301.95K","-1.21%"
"12/24/2018","55,940","56,391","57,143","55,864","223.83K","0.68%"
"12/21/2018","55,564","57,744","57,744","55,564","1.91M","-4.52%"
"12/20/2018","58,195","57,744","58,346","57,744","239.32K","-0.13%"
"12/19/2018","58,270","58,646","58,646","57,669","282.91K","0.00%"
"12/18/2018","58,270","57,143","58,646","56,767","420.76K","0.00%"
"12/17/2018","58,270","60,000","60,075","57,519","599.48K","-2.88%"
"12/14/2018","60,000","60,376","60,376","59,774","126.14K","-0.62%"
"12/13/2018","60,376","60,225","61,128","60,225","211.21K","0.00%"
"12/12/2018","60,376","60,376","60,451","59,925","266.37K","0.00%"
"12/11/2018","60,376","61,203","61,203","60,075","184.14K","0.38%"
"12/10/2018","60,150","60,000","60,150","59,398","448.81K","0.00%"
"12/07/2018","60,150","61,203","61,203","60,150","325.81K","-1.72%"
"12/06/2018","61,203","60,902","61,579","60,526","332.98K","0.87%"
"12/05/2018","60,676","60,150","62,030","60,150","500.07K","-1.59%"
"12/04/2018","61,654","58,646","62,406","58,646","910.36K","5.53%"
"12/03/2018","58,421","59,022","59,173","58,421","252.89K","-0.13%"
"11/30/2018","58,496","59,173","59,323","57,143","772.15K","-1.14%"
"11/29/2018","59,173","59,022","59,323","58,947","616.12K","0.51%"
"11/28/2018","58,872","58,646","58,947","58,270","221.26K","0.00%"
"11/27/2018","58,872","58,270","59,098","58,195","519.25K","1.69%"
"11/26/2018","57,895","57,143","58,120","56,767","392.01K","1.18%"
"11/23/2018","57,218","57,895","58,496","57,218","116.53K","-1.17%"
"11/22/2018","57,895","56,767","58,646","56,391","655.47K","1.58%"
"11/21/2018","56,992","56,391","56,992","55,037","587.01K","1.07%"
"11/20/2018","56,391","54,210","56,767","54,210","650.97K","2.88%"
"11/19/2018","54,812","53,759","54,812","52,556","420.80K","2.39%"
"11/16/2018","53,534","56,015","56,316","53,007","1.03M","-5.70%"
"11/15/2018","56,767","56,240","56,992","56,015","392.48K","-0.39%"
"11/14/2018","56,992","56,992","57,143","56,391","369.26K","0.00%"
"11/13/2018","56,992","54,962","57,143","54,962","353.33K","-0.26%"
"11/12/2018","57,143","56,692","57,293","56,466","356.80K","0.00%"
"11/09/2018","57,143","56,015","57,594","55,639","676.48K","1.74%"
"11/08/2018","56,165","55,188","56,165","54,887","626.31K","2.75%"
"11/07/2018","54,661","54,436","54,661","53,233","388.32K","0.97%"
"11/06/2018","54,135","54,887","54,887","53,383","492.70K","0.00%"
"11/05/2018","54,135","54,887","55,488","53,383","985.96K","0.00%"
"11/02/2018","54,135","52,631","55,488","52,631","1.52M","4.35%"
"11/01/2018","51,879","48,947","52,631","48,947","1.13M","3.91%"
"10/31/2018","49,925","46,842","49,925","46,842","1.43M","6.92%"
"10/30/2018","46,692","45,188","47,368","45,113","746.50K","0.49%"
"10/29/2018","46,466","46,992","47,819","45,864","439.50K","-4.92%"
"10/26/2018","48,872","51,504","51,879","47,970","1.31M","-5.11%"
"10/25/2018","51,504","51,504","52,782","51,128","623.27K","-5.52%"
"10/24/2018","54,511","55,263","55,789","54,511","303.98K","-2.16%"
"10/23/2018","55,714","55,488","56,015","55,188","177.79K","-0.80%"
"10/22/2018","56,165","56,240","56,767","56,165","328.42K","-0.13%"
"10/19/2018","56,240","56,090","57,218","55,639","367.39K","-1.06%"
"10/18/2018","56,842","57,443","57,744","56,767","190.09K","-1.05%"
"10/17/2018","57,443","57,368","57,895","56,391","390.01K","2.41%"
"10/16/2018","56,090","54,962","56,466","54,962","454.75K","2.05%"
"10/15/2018","54,962","57,895","57,895","54,887","656.68K","-5.07%"
"10/12/2018","57,895","57,519","59,398","57,143","867.05K","0.65%"
"10/11/2018","57,519","57,895","60,301","56,466","957.76K","-4.49%"
"10/10/2018","60,225","61,278","61,278","60,150","492.08K","0.12%"
"10/09/2018","60,150","61,052","61,804","60,150","347.20K","0.00%"
"10/08/2018","60,150","62,030","62,406","60,150","345.54K","-2.06%"
"10/05/2018","61,413","62,556","62,556","61,413","495.15K","-0.49%"
"10/04/2018","61,714","62,556","62,556","61,714","539.19K","0.59%"
"10/03/2018","61,353","63,097","63,097","61,293","760.45K","-1.92%"
"10/02/2018","62,556","62,737","63,158","62,436","868.63K","0.87%"
"10/01/2018","62,015","64,060","64,421","62,015","850.82K","-2.74%"
"09/28/2018","63,759","63,458","63,759","62,917","1.38M","1.92%"
"09/27/2018","62,556","61,955","62,857","61,955","854.73K","2.06%"
"09/26/2018","61,293","61,353","61,654","61,293","769.57K","-0.49%"
"09/25/2018","61,594","61,955","62,195","61,113","767.21K","-0.48%"
"09/24/2018","61,894","61,052","61,955","61,052","1.03M","1.38%"
"09/21/2018","61,052","62,917","63,218","61,052","13.17M","-3.33%"
"09/20/2018","63,158","63,158","63,158","62,496","547.46K","0.38%"
"09/19/2018","62,917","63,398","63,398","61,955","419.51K","0.00%"
"09/18/2018","62,917","63,458","63,458","62,556","337.27K","-0.85%"
"09/17/2018","63,458","63,458","64,180","63,398","2.09M","0.00%"
"09/14/2018","63,458","63,639","63,759","63,338","961.66K","0.38%"
"09/13/2018","63,218","62,556","63,519","62,556","1.36M","1.06%"
"09/12/2018","62,556","63,037","63,037","62,436","984.16K","0.29%"
"09/11/2018","62,376","62,556","63,158","62,376","786.13K","-0.86%"
"09/10/2018","62,917","63,458","63,458","62,917","866.04K","-0.19%"
"09/07/2018","63,037","62,556","63,158","62,556","746.02K","-0.19%"
"09/06/2018","63,158","63,759","63,759","62,917","466.76K","-0.94%"
"09/05/2018","63,759","63,639","63,759","63,218","517.66K","1.05%"
"09/04/2018","63,097","64,300","64,782","62,676","366.49K","0.86%"
"08/31/2018","62,556","64,601","66,887","62,556","4.92M","-3.17%"
"08/30/2018","64,601","64,962","64,962","64,060","665.50K","-0.83%"
"08/29/2018","65,143","66,767","66,767","65,143","493.33K","-2.43%"
"08/28/2018","66,767","67,067","67,067","66,466","1.33M","-0.45%"
"08/27/2018","67,067","67,308","67,308","66,947","1.48M","0.00%"
"08/24/2018","67,067","67,488","67,910","66,827","2.18M","-0.36%"
"08/23/2018","67,308","66,165","67,428","66,165","2.23M","1.82%"
"08/22/2018","66,105","66,105","66,646","65,925","675.64K","0.00%"
"08/21/2018","66,105","65,443","66,466","65,443","1.20M","1.01%"
"08/20/2018","65,443","67,007","67,007","65,443","935.80K","0.00%"
"08/17/2018","65,443","68,571","68,571","65,443","1.83M","0.93%"
"08/16/2018","64,842","64,842","64,902","64,421","1.18M","0.00%"
"08/15/2018","64,842","64,842","64,902","64,421","708.99K","0.00%"
"08/14/2018","64,842","64,361","64,962","64,361","660.74K","0.28%"
"08/13/2018","64,661","65,203","65,203","64,300","1.77M","0.56%"
"08/10/2018","64,300","65,564","65,564","63,759","195.76K","-1.66%"
"08/09/2018","65,383","64,962","65,564","64,962","464.21K","0.65%"
"08/08/2018","64,962","64,661","65,443","64,661","218.25K","0.47%"
"08/07/2018","64,661","65,564","65,564","64,361","260.81K","-1.38%"
"08/06/2018","65,564","65,564","65,624","65,443","297.18K","0.00%"
"08/03/2018","65,564","65,684","65,985","65,263","647.07K","0.18%"
"08/02/2018","65,443","66,105","66,105","65,323","430.97K","0.18%"
"08/01/2018","65,323","66,346","66,406","65,263","521.09K","-1.54%"
"07/31/2018","66,346","67,368","67,368","65,443","276.98K","-0.18%"
"07/30/2018","66,466","63,759","66,466","63,158","527.38K","4.34%"
"07/27/2018","63,699","63,759","64,060","63,158","109.48K","-0.09%"
"07/26/2018","63,759","64,060","64,842","63,759","334.70K","-0.47%"
"07/25/2018","64,060","64,361","64,361","63,398","201.34K","0.00%"
"07/24/2018","64,060","61,955","64,782","61,955","86.04K","-1.21%"
"07/23/2018","64,842","61,955","65,864","61,955","228.26K","0.84%"
"07/20/2018","64,300","64,361","64,962","63,819","587.78K","0.37%"
"07/19/2018","64,060","64,962","64,962","64,060","584.64K","-0.84%"
"07/18/2018","64,601","66,165","66,165","64,361","188.39K","1.32%"
"07/17/2018","63,759","65,564","66,767","63,759","667.13K","0.00%"
"07/16/2018","63,759","66,466","66,466","63,759","152.34K","-3.02%"
"07/13/2018","65,744","64,541","66,767","64,541","93.31K","-0.64%"
"07/12/2018","66,165","65,985","66,646","64,962","184.39K","0.27%"
"07/11/2018","65,985","66,165","66,767","64,962","140.35K","-1.17%"
"07/10/2018","66,767","67,789","67,849","65,263","484.54K","-1.59%"
"07/09/2018","67,849","67,669","68,210","67,669","218.38K","0.27%"
"07/06/2018","67,669","67,067","68,511","67,067","807.69K","-1.32%"
"07/05/2018","68,571","66,646","69,173","66,646","1.96M","2.89%"
"07/04/2018","66,646","61,413","66,646","61,413","2.21M","6.95%"
"07/03/2018","62,316","66,947","66,947","62,316","268.82K","-6.92%"
"07/02/2018","66,947","67,669","67,669","66,165","741.31K","-0.98%"
"06/29/2018","67,609","67,970","67,970","65,263","522.81K","2.18%"
"06/28/2018","66,165","66,165","67,970","64,962","302.12K","0.00%"
"06/27/2018","66,165","67,669","68,631","66,165","496.83K","-4.35%"
"06/26/2018","69,173","69,473","69,473","68,631","182.71K","-0.43%"
"06/25/2018","69,473","68,691","69,714","68,691","348.17K","1.14%"
"06/22/2018","68,691","69,173","69,173","68,571","135.25K","-0.70%"
"06/21/2018","69,173","69,173","69,233","68,571","190.58K","0.00%"
"06/20/2018","69,173","64,421","69,774","64,421","997.72K","0.00%"
"06/19/2018","69,173","70,075","70,075","68,992","1.25M","-1.29%"
"06/18/2018","70,075","70,075","70,977","69,774","1.02M","0.00%"
"06/15/2018","70,075","70,797","70,797","70,075","346.37K","-0.43%"
"06/14/2018","70,376","70,977","71,278","69,955","1.01M","-0.85%"
"06/13/2018","70,977","70,977","71,218","70,737","470.58K","0.00%"
"06/12/2018","70,977","72,180","72,180","70,376","1.33M","-1.67%"
"06/11/2018","72,180","72,661","72,661","71,579","691.91K","0.00%"
"06/08/2018","72,180","72,180","72,722","70,676","752.28K","0.00%"
"06/07/2018","72,180","73,383","73,383","67,128","1.90M","0.00%"
"06/06/2018","72,180","70,676","72,722","70,376","1.16M","1.69%"
"06/05/2018","70,977","70,917","71,579","70,376","2.00M","0.08%"
"06/04/2018","70,917","69,774","70,917","69,473","2.86M","1.20%"
"06/01/2018","70,075","69,233","70,676","68,872","1.32M","1.22%"
"05/31/2018","69,233","70,376","70,676","69,233","1.92M","-1.62%"
"05/30/2018","70,376","69,774","70,376","67,970","3.98M","0.86%"
"05/29/2018","69,774","70,376","70,496","68,030","1.44M","-0.86%"
"05/28/2018","70,376","66,767","70,977","66,767","4.79M","-0.42%"
"05/25/2018","70,676","69,052","72,120","68,872","2.84M","2.62%"
"05/24/2018","68,872","66,646","69,052","66,225","3.15M","3.81%"
"05/23/2018","66,346","68,872","68,872","66,165","7.86M","-6.68%"
"05/22/2018","71,097","71,097","71,097","71,097","0.03K","-38.01%"
"05/18/2018","114,700","114,700","114,700","114,700","","72.57%"