date,ACB,BCM,BID,BVH,CTG,FPT,GAS,GVR,HDB,HPG,MBB,MSN,MWG,PLX,POW,SAB,SHB,SSI,STB,TCB,TPB,VCB,VHM,VIB,VIC,VJC,VNM,VPB,VRE
2019-01-20,10925.45,21789.0,24557.975,90625.0,13840.075,22071.775,89725.0,9406.0,11287.25,10281.0,9402.5,81125.0,27291.0,54975.0,15525.0,236900.0,4272.7,13303.65,11262.5,26600.0,12640.724999999999,42485.5,60244.25,11813.75,101925.0,115975.0,104491.75,7162.1,30450.0
2019-01-27,11065.560000000001,21882.0,24927.239999999998,90900.0,14852.220000000001,22109.579999999998,89900.0,9317.2,11609.2,10463.08,10034.14,79040.0,26779.6,53800.0,15430.0,233620.0,4318.3,13379.26,12020.0,26810.0,12877.18,42635.2,59623.6,11889.8,102620.0,117240.0,105442.4,7392.7,29150.0
2019-02-03,11065.58,22077.2,24246.06,94380.0,15113.16,22271.18,88240.0,9691.8,11713.9,10097.08,10345.76,78760.0,26831.0,53540.0,16370.0,233000.0,4354.780000000001,13598.16,12220.0,26600.0,12658.92,43342.0,60766.6,11572.0,102840.0,123180.0,106193.8,7396.4,29230.0
2019-02-10,11065.58,22077.2,24246.06,94380.0,15113.16,22271.18,88240.0,9691.8,11713.9,10097.08,10345.76,78760.0,26831.0,53540.0,16370.0,233000.0,4354.780000000001,13598.16,12220.0,26600.0,12658.92,43342.0,60766.6,11572.0,102840.0,123180.0,106193.8,7396.4,29230.0
2019-02-17,11474.560000000001,22604.2,24866.0,95780.0,15515.779999999999,23047.98,92200.0,9632.6,11958.28,10691.880000000001,10566.3,83820.0,27375.8,56360.0,16860.0,236720.0,4695.379999999999,14093.3,12980.0,27320.0,12901.4,45461.4,60601.2,11823.6,109400.0,124200.0,108447.2,7892.7,30390.0
2019-02-24,11489.7,22975.0,25815.04,95020.0,15433.76,23319.059999999998,97140.0,9593.2,11651.86,11448.539999999999,10614.24,87200.0,28010.2,58060.0,16730.0,244000.0,4598.08,14385.14,12970.0,27530.0,12761.98,46106.6,67548.6,12486.2,116320.0,120320.0,113471.2,7896.38,32870.0
2019-03-03,11520.02,24517.0,25493.579999999998,94200.0,15717.079999999998,23418.14,98760.0,9711.2,11841.92,12074.960000000001,10532.72,89800.0,28234.6,57480.0,16370.0,244860.0,4598.08,14744.779999999999,12670.0,27100.0,12719.560000000001,47765.2,68451.0,12433.2,115660.0,121960.0,113925.0,7822.32,33980.0
2019-03-10,11497.3,24673.2,26304.859999999997,96960.0,15873.62,23345.14,100986.2,10046.2,11861.34,12208.72,10595.039999999999,89740.0,28144.8,60560.0,16750.0,243100.0,4671.08,14979.320000000002,12700.0,26720.0,12713.460000000001,48287.2,69097.6,12632.0,117940.0,120800.0,109965.6,7885.280000000001,34550.0
2019-03-17,11807.8,23872.8,27269.18,95900.0,16544.68,23923.82,99932.6,10184.2,12024.2,11832.14,10734.079999999998,88440.0,28381.8,61560.0,16420.0,251760.0,4829.219999999999,15193.02,12800.0,26800.0,12804.4,50007.4,69713.8,12950.4,118380.0,119800.0,107852.4,8007.5,37100.0
2019-03-24,11747.24,23619.2,27537.04,96000.0,17014.420000000002,23720.5,101720.0,11661.6,12214.26,11262.0,10935.44,85660.0,28318.0,60960.0,15600.0,248600.0,4756.219999999999,14744.779999999999,12680.0,26520.0,12858.960000000001,51389.8,69142.6,12817.8,119620.0,119360.0,107351.8,8011.2,36270.0
2019-03-31,11467.0,24302.4,26802.32,95360.0,16716.18,23438.96,97860.0,12016.0,11721.66,11262.0,10690.939999999999,83920.0,27010.6,58680.0,15110.0,250020.0,4561.6,14098.52,12250.0,25600.0,12761.960000000001,50760.0,68210.4,12433.2,114920.0,117600.0,106350.2,7537.160000000001,33720.0
2019-04-07,11444.28,24829.4,26993.659999999996,94000.0,16395.56,24460.82,101660.0,11779.8,11252.34,11335.92,10811.039999999999,87980.0,26888.4,60860.0,15310.0,248080.0,4622.4,14338.26,12280.0,25470.0,13689.560000000001,51958.2,69353.2,12778.2,115580.0,113860.0,108056.0,7437.12,35780.0
2019-04-14,11512.439999999999,23287.4,26993.659999999996,93960.0,16425.4,24731.9,105740.0,11484.4,10969.2,11293.68,10878.439999999999,87600.0,26626.0,61440.0,15210.0,246640.0,4598.08,14333.02,12150.0,25140.0,13641.079999999998,52971.6,70330.6,12817.8,113700.0,111620.0,106303.2,7314.9,35030.0
2019-04-21,11285.225,22838.5,26777.425000000003,91250.0,15806.525,25199.775,105975.0,11105.25,10986.65,11108.0,10606.35,87350.0,26201.5,60825.0,14537.5,241125.0,4546.4,13720.6,11862.5,24437.5,13375.85,52084.5,67443.5,12658.5,110550.0,112933.5,105489.25,7157.5,33850.0
2019-04-28,11292.8,23346.0,26373.7,90200.0,15664.88,25305.36,111760.0,10893.4,10930.42,11529.460000000001,10587.880000000001,87620.0,26735.0,61480.0,14410.0,240340.0,4561.6,13275.0,11890.0,24000.0,13028.76,52142.2,67804.2,12552.4,113200.0,114780.0,101013.0,7100.06,35020.0
2019-05-05,11304.15,23277.5,26289.5,79550.0,15620.15,26027.4,113250.0,10932.5,10870.3,11992.3,10834.15,88550.0,27539.0,62050.0,14625.0,243700.0,4531.200000000001,13420.95,12125.0,23925.0,12928.7,51297.5,68346.0,12327.5,113050.0,118500.0,102124.5,7018.6,36275.0
2019-05-12,11118.58,21803.8,24743.58,74200.0,15165.36,25618.14,107980.0,10499.4,10367.98,11673.74,10454.92,87580.0,26933.4,61000.0,13790.0,243660.0,4476.4800000000005,12972.72,12040.0,23080.0,13119.679999999998,50391.4,64812.0,12115.4,112540.0,116140.0,100934.8,6781.539999999999,34161.0
2019-05-19,11080.72,21667.0,24911.920000000002,77860.0,15575.420000000002,26020.28,109180.0,11188.8,10604.58,11360.560000000001,10489.4,86900.0,27568.0,63360.0,15120.0,251200.0,4476.4800000000005,13264.579999999998,11970.0,23500.0,14083.64,51128.8,64616.4,9473.6,115100.0,117340.0,105958.6,6929.719999999999,35406.8
2019-05-26,11133.74,22330.8,25233.379999999997,78380.0,15933.279999999999,26602.579999999998,110120.0,11563.2,10414.539999999999,11515.36,10538.619999999999,89300.0,28474.0,66320.0,15510.0,262540.0,4391.3,13530.4,11970.0,23690.0,14411.02,51727.8,64811.8,8720.2,116900.0,119180.0,104190.0,6985.26,35640.0
2019-06-02,10997.42,22448.0,24521.6,76800.0,15478.48,26035.96,107340.0,12036.0,10507.619999999999,11321.84,10425.36,86800.0,28493.0,64061.6,15690.0,263160.0,4318.3,13087.4,11780.0,22910.0,14495.9,51789.0,62571.2,8549.6,114760.0,123540.0,103282.4,6826.0,34890.0
2019-06-09,10861.060000000001,22213.6,24031.78,77800.0,15023.679999999998,25714.68,101640.0,11957.0,10391.24,10795.66,10016.6,85240.0,28186.6,61920.0,15620.0,273480.0,4269.66,12941.439999999999,11630.0,21390.0,14489.820000000002,50975.0,60796.6,8425.2,115580.0,121660.0,100432.4,6648.2,34330.0
2019-06-16,10830.779999999999,25024.6,24299.64,79820.0,15165.320000000002,26205.359999999997,102500.0,13178.4,10360.220000000001,10518.34,10164.380000000001,85280.0,29164.8,61900.0,15780.0,275760.0,4257.5,13014.42,11680.0,21330.0,15199.2,51850.6,60721.6,8105.8,116320.0,122960.0,98895.4,6755.639999999999,34960.0
2019-06-23,11027.7,24575.6,24682.34,80140.0,15411.38,26117.739999999998,103480.0,13178.6,10259.38,10673.9,10297.34,82960.0,29099.4,62060.0,15660.0,274900.0,4269.66,12931.039999999999,11380.0,20520.0,14386.8,54031.4,58796.6,8125.2,114980.0,120780.0,98008.8,6970.44,34140.0
2019-06-30,10997.42,24558.4,24628.760000000002,80580.0,15433.76,26719.420000000002,101640.0,12548.0,10395.14,10559.54,10317.039999999999,83720.0,29973.0,61720.0,14830.0,278360.0,4196.7,12920.6,11500.0,20520.0,13835.079999999998,54661.2,59368.0,8047.4,116060.0,124820.0,97565.2,7085.280000000001,34140.0
2019-07-07,11004.98,24280.0,24812.46,82140.0,15657.439999999999,27379.5,103480.0,12922.4,10274.9,10280.439999999999,10415.5,84980.0,31074.6,64060.0,14810.0,277620.0,4111.539999999999,13045.68,11440.0,21090.0,13980.579999999998,54753.4,62420.8,8305.8,116320.0,128600.0,99529.0,7159.339999999999,34730.0
2019-07-14,11262.5,24560.0,25164.48,84140.0,15784.179999999998,27350.32,105040.0,13178.6,10111.960000000001,9873.24,10454.9,83380.0,31668.0,64200.0,14710.0,284400.0,4087.1800000000003,13050.9,11420.0,20800.0,13926.02,55813.0,62511.2,8636.2,116260.0,130080.0,98721.4,7200.08,36140.0
2019-07-21,11580.6,26880.0,26327.8,85800.0,16194.26,27648.22,106900.0,13454.2,10185.68,9694.82,10804.58,78720.0,33558.2,64300.0,14450.0,282820.0,4123.7,13233.3,11510.0,21110.0,14035.14,58946.2,62917.2,9352.4,115280.0,129840.0,98832.0,7214.9,36850.0
2019-07-28,11643.460000000001,28680.0,27008.96,85080.0,15948.2,28413.46,107060.0,14399.8,10127.48,9969.3,11055.72,80240.0,35031.2,65180.0,14090.0,278780.0,4160.219999999999,12884.119999999999,11340.0,20950.0,13956.320000000002,60052.0,64841.8,9504.0,107306.8,132540.0,99149.0,7026.0199999999995,37250.0
2019-08-04,11175.380000000001,28420.0,27177.340000000004,84400.0,15374.12,28267.440000000002,108680.0,14715.2,10084.8,10175.2,10878.420000000002,80000.0,34744.6,64960.0,13970.0,279900.0,4038.5399999999995,12196.14,10720.0,20660.0,13719.88,61649.2,66270.6,9493.6,109475.8,133120.0,97929.4,6925.9800000000005,36560.0
2019-08-11,10752.0,33520.0,26802.32,77800.0,15165.36,29102.8,101760.0,16331.2,9844.380000000001,10285.02,10587.880000000001,75500.0,36661.4,62160.0,13510.0,279020.0,3904.7599999999998,11294.439999999999,10420.0,20230.0,13659.279999999999,59760.2,63643.6,9897.2,106311.4,130900.0,95823.0,6977.839999999999,35110.0
2019-08-18,10752.0,31700.0,27008.96,77860.0,15262.26,30961.74,100940.0,15660.0,10181.8,10687.619999999999,10942.439999999999,76060.0,38525.4,62380.0,12960.0,277880.0,3868.2400000000002,11456.02,10270.0,20930.0,13641.079999999998,59468.4,63553.6,10306.4,106613.6,131880.0,95554.0,7118.6,35120.0
2019-08-25,11008.02,32560.0,28547.28,77940.0,15351.720000000001,31839.28,102706.2,16160.0,10240.0,10577.82,11021.24,77060.0,38603.6,62460.0,13130.0,276500.0,3770.9,11622.8,10360.0,21610.0,13604.679999999998,60343.8,65912.2,10761.8,109582.4,131520.0,98214.6,7281.56,35520.0
2019-09-01,10978.439999999999,33940.0,29021.82,76800.0,15098.24,31482.079999999998,100762.4,15660.0,10197.32,10230.1,11464.439999999999,75240.0,37554.2,61100.0,12930.0,270750.0,3831.7,11153.72,10420.0,21390.0,13847.2,59253.2,66033.8,10488.2,109386.8,132200.0,95791.8,7518.58,34580.0
2019-09-08,10830.775,32575.0,29427.425,75750.0,14874.575,31613.075,100375.0,14200.0,9920.0,9876.675,11203.475,74375.0,38191.5,60750.0,12862.5,266212.25,3786.1,11108.125,10162.5,21875.0,13671.349999999999,59514.5,67418.75,10521.0,108555.75,130800.0,97509.75,7472.3,34112.5
2019-09-15,10850.460000000001,31060.0,29557.54,73540.0,14986.4,32768.020000000004,99680.0,13540.0,9929.68,10037.939999999999,11247.78,76280.0,38153.8,61740.0,12430.0,263340.0,3783.06,10898.34,10140.0,21900.0,13447.079999999998,60589.4,66597.0,10226.4,108444.6,134980.0,97295.8,7522.3,33910.0
2019-09-22,11165.539999999999,31140.0,31065.28,73300.0,15605.220000000001,34256.4,104180.0,13820.0,10185.68,10426.84,11609.42,79720.0,40455.0,61740.0,12630.0,265460.0,3904.72,11247.539999999999,10330.0,22780.0,13647.14,62232.8,68347.2,10298.0,108213.4,139600.0,98755.0,7796.38,34040.0
2019-09-29,11421.539999999999,31680.0,30521.9,72800.0,15635.060000000001,34089.7,103680.0,13600.0,10259.4,10106.58,11876.32,79180.0,40774.6,60760.0,12480.0,264320.0,4002.04,11518.560000000001,10600.0,22840.0,13544.060000000001,62079.2,67951.8,10476.2,106240.2,136760.0,102699.6,7996.38,33400.0
2019-10-06,11608.64,31060.0,30820.359999999997,74520.0,15664.88,34220.68,103700.0,13920.0,10810.16,9928.14,12174.18,77940.0,40865.6,59840.0,12800.0,262100.0,3989.88,12042.36,10470.0,23650.0,13604.679999999998,63354.0,67875.4,10904.6,105546.8,137540.0,103408.2,8289.02,32340.0
2019-10-13,11638.16,30560.0,31310.2,71480.0,15642.52,33446.719999999994,100860.0,13800.0,10717.060000000001,9891.54,12073.12,76880.0,40063.6,57940.0,12890.0,257360.0,3965.56,11591.92,10840.0,23520.0,13556.16,64859.2,67419.0,10750.0,104177.8,137820.0,103054.0,8159.339999999999,31900.0
2019-10-20,11992.6,29940.0,31317.859999999997,71620.0,16224.079999999998,34101.62,101280.0,13680.0,10918.78,9781.74,12370.960000000001,77120.0,40487.4,58160.0,13060.0,255280.0,4062.84,11695.4,10980.0,24280.0,13659.24,65504.2,66079.6,10940.4,104604.6,139120.0,104776.6,8318.6,31830.0
2019-10-27,11579.08,30840.0,30598.420000000002,70860.0,16074.939999999999,33982.54,101740.0,13860.0,11039.02,9923.579999999998,12184.82,75080.0,40715.8,57500.0,13100.0,251580.0,3977.72,11450.259999999998,10960.0,23910.0,13622.86,66011.2,65516.4,10607.2,104035.6,143740.0,107143.2,8137.12,32260.0
2019-11-03,11815.380000000001,30280.0,31072.920000000002,71760.0,16477.579999999998,34554.06,103260.0,14200.0,11275.619999999999,10074.560000000001,12216.74,74480.0,41022.0,58860.0,13110.0,259800.0,4026.3599999999997,11613.68,10780.0,23750.0,13580.460000000001,67285.8,67966.6,10571.4,106062.2,144760.0,106628.2,8055.68,33310.0
2019-11-10,12130.48,29520.0,32327.840000000004,73387.8,16656.52,35518.54,106020.0,13960.0,11395.86,10161.5,12445.420000000002,76320.0,40819.8,59280.0,13630.0,260000.0,4099.36,11913.28,10920.0,24750.0,13647.14,70127.0,74769.6,10666.6,107804.6,144180.0,104470.6,8188.960000000001,35100.0
2019-11-17,12140.3,28720.0,32811.12,72620.4,16268.8,35530.46,105760.0,13860.0,11322.16,10408.539999999999,12307.140000000001,74700.0,39073.0,59660.0,13410.0,253220.0,4050.6800000000003,11717.22,10750.0,24930.0,13635.02,69743.2,74008.6,10571.4,105991.2,143300.0,101620.8,7959.360000000001,34860.0
2019-11-24,11756.3,28080.0,32048.440000000002,71800.0,15896.02,33887.3,105640.0,13940.0,11066.16,10266.72,11988.02,72800.0,37769.4,59400.0,13620.0,245260.0,3953.4,11275.960000000001,10410.0,24030.0,13453.12,67746.6,72714.8,10440.6,103591.2,143760.0,98642.6,7674.160000000001,35090.0
2019-12-01,11441.22,28360.0,31386.920000000002,70980.0,15553.060000000001,33708.68,101680.0,13720.0,10492.1,10335.34,11902.92,70700.0,36289.8,58480.0,13130.0,229900.0,3807.4199999999996,10867.380000000001,10120.0,23180.0,13253.060000000001,65442.6,70462.6,10274.0,102791.4,143900.0,98465.2,7500.08,33960.0
2019-12-08,11254.18,28180.0,30990.02,66800.0,14949.12,32672.78,98100.0,12600.0,10402.9,10687.619999999999,11578.52,64040.0,35983.2,56460.0,12600.0,230720.0,3673.62,10644.079999999998,9980.0,23020.0,13216.7,64490.4,69930.0,10035.8,102613.2,145360.0,94601.4,7196.360000000001,34240.0
2019-12-15,11303.36,28400.0,31581.5,67480.0,15031.14,33506.240000000005,98340.0,12420.0,10833.44,11071.9,11482.8,57860.0,36589.6,55440.0,12440.0,233680.0,3673.62,10502.46,10040.0,22840.0,12816.560000000001,66410.4,69229.8,10000.2,103057.6,144380.0,95326.0,7185.280000000001,34680.0
2019-12-22,11175.380000000001,29340.0,32733.32,72380.0,15090.779999999999,33303.840000000004,96600.0,12160.0,10344.7,10545.8,11184.939999999999,55960.0,36322.2,55940.0,12430.0,233220.0,3807.4,10077.560000000001,9994.0,22750.0,12683.18,66702.2,64466.4,10131.2,102933.0,142680.0,95647.8,7181.539999999999,32820.0
2019-12-29,11195.08,29900.0,35060.3,69420.0,15359.2,33934.92,96440.0,10740.0,10340.82,10609.86,11121.119999999999,55140.0,36700.2,56120.0,12220.0,232800.0,3783.0800000000004,9941.36,10130.0,23070.0,12768.060000000001,69221.2,63903.2,10464.2,102631.4,143500.0,95279.4,7229.7,33060.0
2020-01-05,11261.55,29750.0,36159.6,68900.0,15797.225,34694.0,94875.0,10950.0,10647.225,10900.375,11195.55,57025.0,37507.0,56400.0,11637.5,226650.0,3968.6,9920.95,10137.5,23612.5,12875.65,69478.25,64755.5,10402.0,102288.75,146650.0,95231.5,7476.925,34362.5
2020-01-12,11047.380000000001,28160.0,37441.759999999995,66640.0,16507.4,34173.04,96600.0,11140.0,10550.26,10920.939999999999,11179.619999999999,56580.0,37332.4,56280.0,11070.0,226300.0,3989.9,9854.2,10166.0,23040.0,12834.72,67654.6,63538.0,10154.8,101867.0,145820.0,96157.2,7570.460000000001,33650.0
2020-01-19,11559.380000000001,28900.0,40266.82,66100.0,17916.56,34137.32,94140.0,11240.0,10926.52,11410.52,11514.66,56260.0,37410.8,55740.0,10920.0,233740.0,4452.120000000001,10181.060000000001,10390.0,23090.0,13150.0,69436.2,65592.8,10357.4,102186.4,146540.0,95767.2,7937.12,33220.0
2020-01-26,12028.699999999999,29266.666666666668,42233.200000000004,66100.0,18888.36666666667,33617.4,94400.0,11800.0,11145.066666666666,11842.1,11869.266666666668,54066.666666666664,38873.0,56733.333333333336,10900.0,233833.33333333334,4521.033333333334,10495.166666666666,10833.333333333334,23866.666666666668,13034.799999999997,72031.33333333333,66683.33333333333,10535.666666666666,102133.0,146833.33333333334,97775.33333333333,8598.833333333334,32400.0
2020-02-02,11470.8,28450.0,40546.95,60950.0,18173.800000000003,31761.9,89250.0,11150.0,10656.95,11300.7,11182.25,50100.0,36635.5,54200.0,10800.0,215000.0,4561.6,9859.65,10275.0,22250.0,12822.6,68192.0,66544.0,10238.5,102089.0,135100.0,91375.0,8361.2,30500.0
2020-02-09,11480.619999999999,25920.0,41449.759999999995,57260.0,19870.02,31220.120000000003,83740.0,10620.0,11077.8,11268.7,11259.42,49960.0,35390.0,51400.0,9804.0,194548.4,5211.16,9412.98,10560.0,21890.0,12737.74,68622.2,65546.8,10333.6,101849.2,128040.0,87291.6,8966.78,30270.0
2020-02-16,12288.0,26120.0,39083.81999999999,57460.0,20220.46,32041.7,86880.0,10920.0,11287.24,10902.66,11381.72,50060.0,34966.4,52780.0,10208.0,190034.4,5264.96,9609.08,11390.0,22510.0,12828.68,68514.6,65821.0,10523.8,99822.4,129000.0,87178.0,9600.12,31390.0
2020-02-23,12937.84,26380.0,39784.3,56980.0,19832.760000000002,32910.92,85860.0,11500.0,11070.02,10760.86,11504.039999999999,50780.0,35728.8,52960.0,10560.0,180520.0,5220.84,9570.960000000001,11440.0,23550.0,13046.920000000002,68622.4,65699.0,10881.2,95537.8,128580.0,86755.6,10344.58,30740.0
2020-03-01,12248.619999999999,24640.0,36531.18,55940.0,19124.44,32458.440000000002,80320.0,11860.0,10763.62,10417.68,10924.32,50030.0,34829.2,50860.0,10020.0,173640.0,6000.280000000001,8841.0,11290.0,22210.0,12707.439999999999,65243.0,62275.2,10738.0,94435.6,124940.0,86268.6,10292.7,29010.0
2020-03-08,12553.86,25040.0,36064.240000000005,55280.0,19437.579999999998,32827.58,78540.0,12620.0,10825.68,10220.960000000001,11025.359999999999,50460.0,34386.0,50280.0,10034.0,168120.0,8691.619999999999,8879.14,12310.0,22380.0,13174.24,63477.2,61392.2,10880.8,93689.0,121280.0,84969.6,10114.939999999999,28510.0
2020-03-15,11323.079999999998,22380.0,30686.52,45700.0,17215.7,29654.359999999997,64160.0,12500.0,9475.86,9273.9,9642.539999999999,50830.0,28519.2,41030.0,9042.0,150240.0,8029.8,7893.160000000001,10760.0,19350.0,12422.48,58085.8,56659.2,9631.0,84746.8,107300.0,81235.0,8951.939999999999,25470.0
2020-03-22,10407.380000000001,20220.0,26094.8,37660.0,15262.26,28564.859999999997,58060.0,10626.0,8223.039999999999,8761.48,8695.84,40299.8,25090.6,39790.0,8684.0,136020.0,8529.82,7490.039999999999,9948.0,17590.0,12846.84,50898.2,52276.2,8869.2,78435.6,100820.0,75828.2,7840.839999999999,22040.0
2020-03-29,9728.0,17380.0,25199.82,36260.0,14032.02,26457.32,57420.0,8622.0,7462.780000000001,7809.839999999999,7977.839999999999,40120.4,22483.0,38870.0,7694.0,121460.0,9015.14,6978.0199999999995,8788.0,16190.0,12780.14,46766.8,44864.8,8178.6,69938.0,96660.0,73051.2,7300.06,19200.0
2020-04-05,9070.775,17150.0,24933.275,38712.5,13420.65,25064.225,56175.0,8485.0,7132.1,7789.25,7465.9,40740.75,19963.5,37775.0,7322.5,123050.0,9246.775,6638.924999999999,7775.0,15312.5,10382.375,48667.5,42479.0,7768.0,75955.75,98200.0,75341.0,6476.925,19225.0
2020-04-12,9934.76,18960.0,28989.920000000002,46810.0,14747.820000000002,27969.5,64540.0,9320.0,7955.4,8592.18,8376.72,47664.2,23675.8,39620.0,8382.0,137600.0,11603.5,7995.58,9118.0,16850.0,10506.64,53033.2,50800.2,8488.0,85262.4,101800.0,80114.6,7003.780000000001,22630.0
2020-04-19,10003.720000000001,20400.0,28896.52,47550.0,14695.62,29481.7,67340.0,10740.0,8013.56,9182.380000000001,8669.24,49215.6,25129.6,40450.0,8980.0,152080.0,13162.4,8423.060000000001,9470.0,17440.0,10876.48,54399.8,51606.6,7711.8,85262.2,114540.0,80520.6,7866.74,26150.0
2020-04-26,9993.84,21520.0,28048.26,46950.0,14360.1,30208.02,65400.0,10154.0,8025.219999999999,9690.26,8573.52,47664.2,26870.2,41500.0,9452.0,176500.0,12074.1,8391.48,9192.0,17100.0,10743.1,53877.8,50754.4,6402.0,83146.8,115780.0,80082.2,7492.7,24450.0
2020-05-03,9993.833333333334,23633.333333333332,27459.36666666667,46250.0,14389.9,30204.033333333336,63466.666666666664,10866.666666666666,7977.366666666666,9890.0,8412.166666666666,48170.333333333336,26596.333333333332,40066.666666666664,10250.0,171000.0,11765.266666666668,8225.133333333333,9023.333333333334,17116.666666666668,10589.5,51656.0,48877.333333333336,6378.333333333333,81748.33333333333,113966.66666666667,81808.66666666667,7716.166666666667,23116.666666666668
2020-05-10,10239.92,23080.0,28351.74,46090.0,15120.62,31136.78,67240.0,11630.0,8401.460000000001,10211.8,8562.88,47599.0,26485.4,41660.0,9946.0,161140.0,11677.02,8214.560000000001,9190.0,17790.0,10809.78,52987.2,50830.6,6375.6,84089.0,114620.0,82485.4,7811.18,24420.0
2020-05-17,10663.2,23760.0,30344.059999999998,49280.0,15925.86,33230.72,72200.0,12370.0,8905.68,10902.68,9121.34,51109.6,27202.4,45120.0,10200.0,172600.0,12471.2,8922.26,9840.0,20430.0,12604.36,58009.4,54878.8,6719.6,85777.8,115780.0,90912.4,8855.66,24670.0
2020-05-24,10929.2,23400.0,30530.840000000004,49230.0,16656.52,33988.56,74280.0,12540.0,9243.119999999999,12028.16,9211.74,51452.4,28108.2,46480.0,10160.0,173500.0,9956.38,9023.36,10146.0,21210.0,13125.74,61326.6,57328.8,6746.0,86044.6,114320.0,92081.4,9151.960000000001,25620.0
2020-05-31,11274.0,26440.0,31480.32,50470.0,16947.32,33564.12,74380.0,12880.0,9312.960000000001,12581.76,9222.380000000001,50995.4,27815.2,46620.0,10350.0,175420.0,10265.220000000001,8565.02,10270.0,20940.0,12646.8,63922.2,57755.0,7151.8,86204.2,113080.0,94176.0,8711.2,26520.0
2020-06-07,12396.2,26260.0,32204.120000000003,50020.0,17901.64,33682.42,76940.0,12800.0,10503.74,12380.460000000001,9541.48,51769.2,27919.4,46710.0,10540.0,179740.0,11059.36,8629.539999999999,10610.0,21290.0,13119.66,67424.4,59292.2,7663.2,85635.8,114080.0,95101.4,8996.4,28070.0
2020-06-14,12357.2,26620.0,33285.86,50660.0,17894.18,33411.06,71996.0,12910.0,10670.539999999999,12243.18,9568.1,49650.0,28512.8,45509.2,10597.060000000001,177540.0,11794.679999999998,8792.34,11160.0,21430.0,12980.240000000002,67900.4,58501.0,7760.2,84017.8,115500.0,99226.0,8807.52,27290.0
2020-06-21,11717.0,26120.0,31573.72,48380.0,17118.8,32360.46,65290.0,12490.0,10457.2,12078.5,9201.119999999999,46278.8,27313.2,43581.6,10026.039999999999,159607.6,11044.66,8416.18,11770.0,20340.0,12549.8,64552.2,56902.8,7584.0,82240.0,109500.0,93331.8,8240.84,26920.0
2020-06-28,11736.6,26840.0,31472.54,48220.0,17111.32,32757.02,65523.8,12250.0,10108.119999999999,12426.22,9280.9,46521.6,27639.2,44167.6,9882.939999999999,156534.2,10426.98,8797.98,11440.0,20490.0,12810.48,64997.4,58257.4,7760.0,83679.8,108780.0,94306.0,8277.86,26870.0
2020-07-05,11323.2,26580.0,30149.52,45075.6,16455.22,32047.359999999997,63058.8,11420.0,9677.560000000001,12439.939999999999,8940.52,45241.4,26583.4,43351.0,9268.58,157994.2,9574.0,8444.24,10990.0,19710.0,12574.04,62985.6,56672.6,7751.2,79840.0,107740.0,89022.08,7837.139999999999,25870.0
2020-07-12,11766.0,26840.0,31807.2,46070.8,17603.44,33132.759999999995,66063.6,11790.0,10232.22,12801.34,9142.6,46343.8,27228.8,44648.6,9497.52,186273.2,9632.82,8831.66,11570.0,20400.0,12962.060000000001,63830.2,59473.0,8042.2,80995.4,107940.0,88243.9,8229.72,27320.0
2020-07-19,11884.0,26600.0,32196.32,46498.2,17938.96,33745.020000000004,67905.4,12050.0,10422.279999999999,12879.16,9217.060000000001,45630.2,27319.8,44898.4,9577.66,186638.6,9515.179999999998,9263.98,11550.0,20520.0,13247.0,63845.4,59547.2,8368.6,81351.2,108960.0,88411.51999999999,8348.24,26750.0
2020-07-26,11904.2,26600.0,31075.640000000003,44564.2,17387.22,32875.31999999999,66338.6,11660.0,10201.2,12741.9,9062.8,43733.6,26883.2,44014.2,9228.5,180644.4,9118.1,8952.26,11280.0,20210.0,12968.119999999999,63077.6,57713.6,8827.4,79680.0,107000.0,87009.84,8266.74,27140.0
2020-08-02,11027.6,26100.0,28670.840000000004,39559.8,15776.720000000001,30827.26,61582.8,10240.0,9262.539999999999,12186.18,8392.68,40467.2,24216.8,40708.0,8732.46,165621.0,8382.76,8163.9400000000005,10230.0,18360.0,12337.6,59406.8,55451.2,7892.4,75786.6,96000.0,81555.54000000001,7474.18,26120.0
2020-08-09,11658.0,28500.0,29604.74,43680.2,16641.620000000003,32098.52,64847.8,10530.0,9821.060000000001,13185.26,8701.16,43701.2,25429.4,42649.6,8963.3,169578.6,9250.460000000001,8546.119999999999,10490.0,19050.0,12664.98,62831.8,58600.8,8456.8,77795.6,98820.0,85760.54,7863.06,26210.0
2020-08-16,12347.2,29980.0,30266.24,44486.8,17394.66,32662.52,67301.2,11050.0,10437.8,13542.039999999999,8924.539999999999,43944.2,26309.6,44321.6,9331.560000000001,173920.4,9279.880000000001,8743.22,10710.0,19620.0,12804.439999999999,63139.0,58778.0,8968.4,77955.6,100440.0,88015.36000000002,7974.139999999999,26610.0
2020-08-23,12957.6,30180.0,30025.02,44030.0,17536.32,33037.32,67754.2,11410.0,10565.8,13508.6,9094.720000000001,42582.6,26668.0,44619.4,9537.58,173709.2,9603.4,8659.619999999999,10780.0,20140.0,12937.8,63507.4,58970.4,9215.0,76942.2,99840.0,88167.74,7944.539999999999,26360.0
2020-08-30,13593.6,30100.0,30842.18,46167.8,18438.48,34484.4,69358.4,12000.0,10938.2,13620.1,9525.52,43571.6,28728.0,49088.4,9596.74,176494.8,10044.6,8988.060000000001,11280.0,21220.0,13550.119999999999,64229.4,58586.0,9753.2,80337.8,100060.0,89493.2,8577.880000000001,27090.0
2020-09-06,13536.0,37275.0,32423.975,49656.25,19348.1,35088.525,70750.25,12037.5,11282.4,13840.325,9613.3,44840.0,30646.0,50716.5,9778.0,184309.0,10313.025000000001,9055.25,11300.0,21712.5,14035.150000000001,64717.0,58556.5,9887.5,82489.0,105925.0,94060.075,8694.55,27712.5
2020-09-13,13312.0,44821.2,31628.18,47460.0,18900.78,34498.46,67848.6,12430.0,11430.76,13675.86,9456.380000000001,44447.2,30253.2,49564.0,9568.12,182584.8,10294.64,9388.18,11220.0,21330.0,13962.38,63384.8,57964.8,9894.6,80728.6,106320.0,94840.84,8437.14,28240.0
2020-09-20,13683.2,40610.8,31643.76,47013.4,18982.78,35264.159999999996,67924.2,11925.4,11585.939999999999,13949.039999999999,9701.060000000001,44430.8,30585.6,49074.0,9596.74,180894.2,10618.179999999998,9525.560000000001,11510.0,21470.0,14023.02,63553.6,56944.8,10423.6,83840.2,106620.0,95084.62,8544.54,28640.0
2020-09-27,14233.6,39916.0,31846.1,48198.8,19385.4,35812.08,68697.8,11833.6,12012.58,14322.579999999998,10280.78,44398.2,32697.8,50151.4,9711.22,181163.0,11279.98,9883.9,12540.0,22360.0,14380.7,65197.2,57018.8,11314.0,83715.6,106220.0,98101.24,8688.98,28750.0
2020-10-04,14464.0,39115.8,31807.2,47372.8,19959.48,35460.840000000004,67810.8,11931.4,12284.119999999999,14813.179999999998,10541.380000000001,44074.0,33884.0,49681.4,9816.16,177762.8,11324.08,10290.0,13620.0,22670.0,14550.48,65043.6,56249.8,12442.6,82186.6,104900.0,100197.14,8818.619999999999,27570.0
2020-10-11,15065.6,38797.6,31449.18,47839.4,20354.659999999996,35587.28,69452.8,12778.4,12424.52,15610.439999999999,10807.58,49909.6,34894.6,48946.6,10159.6,180932.8,11382.9,10761.82,13740.0,21890.0,15096.12,64813.0,56560.0,14426.8,82399.8,104340.0,99265.84,8811.22,27600.0
2020-10-18,15347.2,38575.8,32616.6,52260.6,22494.5,36107.12,70887.2,13411.6,12303.52,15917.060000000001,10783.119999999999,62585.6,35233.4,48574.2,9778.0,180702.0,11618.2,10725.960000000001,13570.0,22190.0,15083.98,67178.2,57462.4,14241.6,84995.6,105120.0,99358.44,8848.26,27350.0
2020-10-25,16256.0,38479.0,32997.92,53340.6,23724.72,37540.159999999996,69094.0,14103.0,12711.939999999999,16485.739999999998,11394.74,68145.4,35556.0,48241.4,9758.92,178627.0,11677.039999999999,10767.78,14370.0,23720.0,15277.98,66886.6,57033.2,14779.8,88337.6,104640.0,99469.58,9307.52,27830.0
2020-11-01,15488.0,38257.8,30842.159999999996,50698.0,22255.94,36247.62,67433.4,13567.4,12137.1,17143.620000000003,10942.16,69669.6,35166.0,47820.2,9287.64,177397.8,10164.82,10236.28,13460.0,22440.0,13992.7,64936.2,56767.0,14479.8,92124.6,103300.0,100469.84,8796.380000000001,26230.0
2020-11-08,16000.0,38083.8,30530.879999999997,51230.6,22621.28,36795.56,66829.6,14755.8,12530.42,17015.4,11131.74,69782.8,35179.0,47497.2,9270.48,177724.0,10141.16,10319.86,13480.0,21790.0,14174.579999999998,65396.8,56043.0,14462.0,93155.6,105460.0,100191.98000000001,8826.039999999999,25740.0
2020-11-15,16512.0,37900.6,30811.04,53025.0,23113.379999999997,37469.94,68641.2,15866.2,12959.039999999999,17561.78,11327.460000000001,76120.6,35820.4,47722.6,9522.32,175956.6,10972.4,10511.0,13700.0,22290.0,14689.920000000002,65857.6,57299.6,14470.8,94524.4,111720.0,99691.86,8866.76,26740.0
2020-11-22,17292.8,36994.2,31418.059999999998,54760.4,24403.22,38158.32,73963.6,17911.2,12888.42,19078.22,11871.82,67400.0,36693.0,48241.6,9563.5,179299.4,10972.380000000001,10869.3,14010.0,23280.0,14877.86,68145.6,57403.2,14682.6,92568.8,114060.0,100895.88,9263.08,27420.0
2020-11-29,17472.0,38129.6,32398.659999999996,54859.0,24865.48,39141.8,78417.4,18339.8,13052.3,20288.04,11926.880000000001,67237.6,37380.6,49759.6,9804.6,184505.8,10882.880000000001,11388.880000000001,14490.0,23630.0,15193.12,71570.8,61158.8,14804.2,93280.0,119000.0,101951.7,9781.6,27910.0
2020-12-06,17459.2,40761.2,32398.640000000003,54780.0,25297.920000000002,38987.259999999995,79455.6,18476.4,14060.8,20092.879999999997,12783.16,67691.6,37982.0,49701.2,10613.119999999999,190004.6,10997.98,11777.060000000001,15350.0,24700.0,16318.52,71125.2,62238.6,16259.4,93422.0,118460.0,101025.51999999999,10259.380000000001,28270.0
2020-12-13,17830.4,39348.0,34126.4,56337.8,25715.44,39745.94,80965.0,19849.8,14233.6,21352.859999999997,12991.119999999999,68939.8,37803.4,50719.6,11242.619999999999,197284.2,11049.119999999999,13317.9,15730.0,25350.0,16444.44,73275.8,62504.8,17005.4,93955.2,119700.0,102525.92,10459.380000000001,28340.0
2020-12-20,18067.2,39913.4,36328.86,57087.0,26167.94,39956.659999999996,80625.6,23034.4,14521.6,21508.96,13553.820000000002,68666.4,38008.6,52541.4,11626.22,194488.6,10959.6,15234.920000000002,16420.0,27570.0,17148.16,75640.8,63465.6,17164.2,94631.2,125940.0,103174.26000000001,10914.960000000001,30100.0
2020-12-27,18054.4,40839.4,36266.58,57757.4,26136.8,40420.3,80096.8,27261.6,15456.0,22144.54,14098.179999999998,68010.4,38960.2,52130.4,12000.0,192664.2,11356.060000000001,17402.82,16860.0,28960.0,19829.64,75746.8,64367.6,17444.4,94115.8,124180.0,101655.31999999999,12000.16,30340.0
2021-01-03,17824.0,40412.75,37465.3,64580.25,25968.55,41042.0,81979.5,28829.25,15176.0,23067.225,14052.3,69306.25,38892.75,53629.0,13180.325,192178.75,10966.025,19155.675,16787.5,30212.5,19768.525,76064.25,66116.25,17334.5,95355.5,125000.0,100835.675,11879.775,31212.5
2021-01-10,18944.0,43149.2,38360.6,65881.6,28178.76,43707.88,85797.0,28245.0,16435.2,23750.18,15611.2,74079.6,40084.0,54285.2,13800.0,192741.8,11637.4,20317.239999999998,18220.0,33910.0,20800.0,79757.0,70031.0,18349.2,97742.4,125080.0,103061.31999999999,12844.6,33510.0
2021-01-17,19251.2,50137.6,38487.22,68248.4,29419.04,46363.219999999994,87495.4,30397.6,17299.2,24709.14,16253.079999999998,76556.8,41928.2,55597.8,14154.12,198079.8,12148.92,20717.36,20120.0,35620.0,20762.98,80825.4,75206.6,18460.4,99715.6,131320.0,107248.84,13322.4,36670.0
2021-01-24,18400.0,52048.0,36587.78,64738.2,27944.32,45534.28,82324.2,31157.2,16640.0,24056.82,15604.920000000002,75736.2,41075.6,53207.8,14026.26,189480.4,11304.920000000002,20508.34,19750.0,35420.0,20866.66,78565.0,72988.4,17936.4,93582.0,130940.0,102631.36,13129.8,36990.0
2021-01-31,17382.4,55342.6,32733.52,57777.6,24919.2,44578.94,74888.0,27524.4,15033.6,22629.6,14888.9,74637.0,43256.8,49642.2,12649.18,175930.8,9898.179999999998,18161.3,17530.0,33500.0,18874.079999999998,75003.8,69838.8,17296.4,88658.0,128580.0,96667.88,11944.560000000001,34670.0
2021-02-07,17766.4,54621.4,32147.840000000004,56160.4,25909.94,48456.58,74341.0,23813.6,14982.4,22874.88,14617.279999999999,71192.6,42186.0,49407.0,11980.32,173737.2,9616.82,17378.96,17430.0,34500.0,19207.4,75158.2,70622.6,17577.0,93315.6,129580.0,100425.42,12829.78,32070.0
2021-02-14,17936.0,55021.0,32013.3,57826.5,26261.6,51245.4,75633.5,23375.5,15216.0,23053.300000000003,15015.45,71479.5,42635.5,51425.0,12049.15,171893.0,9783.1,18618.199999999997,17775.0,35500.0,19648.15,74051.0,70792.5,18730.5,92089.0,126800.0,99687.0,13796.45,31225.0
2021-02-21,19125.333333333332,58156.0,34189.73333333333,60899.666666666664,27881.3,54488.5,83639.0,26378.333333333332,16309.333333333334,24298.43333333333,16224.266666666665,77097.66666666667,45731.333333333336,54853.0,12819.699999999999,182990.33333333334,10188.033333333333,19907.133333333335,18683.333333333332,38666.666666666664,20555.533333333333,78270.33333333333,75734.0,19894.333333333332,96889.0,131533.33333333334,101478.56666666667,15191.533333333333,34366.666666666664
2021-02-28,20473.6,57896.2,34403.42,59157.6,28148.5,53401.98,83834.0,28128.2,16364.8,24536.260000000002,16796.32,75162.2,44797.2,56401.0,12531.119999999999,181851.6,10205.1,19893.2,18520.0,39170.0,20466.68,76660.2,76640.8,20153.4,97031.2,133520.0,99023.36,14870.539999999999,33840.0
2021-03-07,21036.8,57136.0,34363.86,59926.6,28889.659999999996,54132.6,86306.4,28596.0,16832.0,25824.14,17154.32,73866.2,44407.0,57184.4,12767.2,177875.8,10230.68,20520.28,18860.0,39820.0,21429.6,75963.6,74777.8,22703.6,95431.0,136940.0,97471.76,15292.779999999999,34710.0
2021-03-14,20806.4,56824.0,33706.979999999996,58881.6,28556.920000000002,53430.119999999995,87665.4,28732.2,16774.4,25712.620000000003,17203.72,71471.6,43164.2,55244.8,13563.939999999999,171281.4,10588.76,19964.86,18870.0,39460.0,21118.52,73981.6,73225.2,22836.0,93884.2,135500.0,95116.26,15807.6,34340.0
2021-03-21,21529.6,56317.0,34617.12,59354.8,29676.18,56071.4,86231.0,29248.2,17356.8,25941.22,17895.06,72652.6,43977.4,56165.6,13475.420000000002,175606.0,12084.98,19720.0,19340.0,40840.0,21303.72,74214.2,73358.0,23772.6,94418.0,133700.0,94948.01999999999,16652.04,34620.0
2021-03-28,20908.8,55167.2,34007.740000000005,59394.4,30107.26,54399.46,85287.2,27680.2,16678.4,25645.72,17240.739999999998,70798.6,43071.8,54720.4,12767.22,172299.0,11931.5,19027.260000000002,18820.0,39960.0,20392.6,73935.2,72101.4,23259.4,96800.0,130060.0,92648.6,16307.6,33440.0
2021-04-04,21516.8,56063.8,34395.520000000004,59453.4,30689.579999999998,55059.8,84872.2,27387.8,16979.2,26437.420000000002,17716.04,74161.8,43514.6,52430.0,13131.16,172266.2,15934.279999999999,19493.079999999998,21070.0,40450.0,20644.44,74260.2,72382.2,25328.0,105546.6,131540.0,93527.26,16755.739999999998,33210.0
2021-04-11,22105.6,55829.8,35764.68,61228.2,32232.4,56240.0,84173.6,27485.4,17798.4,27546.859999999997,19277.78,76080.8,44235.2,52486.4,13504.920000000002,169338.6,15934.26,20998.04,22620.0,41890.0,20770.920000000002,77930.0,74304.8,27735.4,111875.6,132620.0,94200.22,17281.68,35040.0
2021-04-18,21926.4,54095.2,34419.259999999995,57975.4,32096.24,56689.6,81607.0,26384.8,17593.6,29369.96,19111.1,79870.0,44480.0,51340.2,13475.420000000002,165386.2,16407.44,21129.44,22700.0,41380.0,19345.4,75700.6,74970.0,27534.2,123839.8,131280.0,91622.86,18352.06,34710.0
2021-04-25,21312.0,55020.5,33477.475,54672.5,31186.824999999997,57497.5,81861.5,24081.5,17232.0,31555.4,18595.7,84233.5,47089.0,48718.5,12553.275,162526.5,17424.15,19954.449999999997,22212.5,40737.5,18541.25,79064.5,77853.5,28121.75,125377.75,130025.0,90199.3,18430.775,33387.5
2021-05-02,21720.0,54582.0,32141.925,52939.0,30232.05,56795.0,77474.0,23825.75,17184.0,31429.975,18487.649999999998,79968.75,46709.0,46710.0,11975.4,162311.0,17440.1,19140.725,23437.5,39975.0,18174.0,76761.0,73897.75,28770.0,116911.0,126400.0,86985.275,20342.825,31312.5
2021-05-09,22360.0,54630.75,32666.25,51343.5,32718.300000000003,58217.5,79667.75,24495.25,18408.0,33353.425,19467.6,78430.5,46477.75,47462.0,12086.075,151253.75,17040.475,19715.550000000003,24300.0,45875.0,19008.25,76760.75,72936.75,30105.75,118177.75,122500.0,82692.25,22537.275,31275.0
2021-05-16,23142.4,53276.2,33414.159999999996,51838.4,34410.46,59738.4,80663.4,25264.6,19520.0,34632.9,20376.54,85004.6,46112.4,50438.2,12078.7,146504.6,17696.5,20789.04,25600.0,48200.0,21027.8,75406.2,72308.2,32317.6,114684.4,118420.0,83748.3,23778.04,31100.0
2021-05-23,23590.4,52262.6,33271.7,49545.2,36066.68,63616.0,76983.0,24456.2,20108.8,36082.44,20969.14,89040.0,47613.0,51490.8,11606.560000000001,146658.0,20608.420000000002,22001.379999999997,28000.0,49460.0,21842.0,74399.6,74822.2,32084.6,108533.4,112140.0,80607.72,24822.5,29980.0
2021-05-30,24454.4,53354.0,36706.520000000004,51154.2,38600.2,66201.0,77171.8,26910.8,20723.2,37297.82,22500.0,92140.2,47725.2,51960.4,11547.539999999999,153527.4,20861.64,24252.879999999997,29880.0,51940.0,23444.2,76784.2,77676.0,33132.2,107768.8,112960.0,83436.08,24963.239999999998,30920.0
2021-06-06,28070.4,50995.0,38289.36,50544.0,40127.88,69587.8,81795.8,27894.6,22188.8,41019.840000000004,24370.34,87776.6,45629.8,52073.2,12108.2,147579.2,22141.739999999998,27680.9,32660.0,53800.0,25326.8,80500.4,77025.2,38074.2,105688.8,107420.0,82554.51999999999,26000.3,30580.0
2021-06-13,27083.2,49650.2,35796.36,52652.4,38403.56,66934.4,82909.2,28751.6,21440.0,39006.72,23814.82,85644.4,45002.0,51039.6,12009.82,152145.8,21044.5,28063.1,29660.0,51080.0,24025.0,78905.6,78001.2,38311.2,105973.4,114720.0,83087.12,26578.1,31800.0
2021-06-20,27848.0,53198.4,35954.659999999996,56313.8,38842.22,67896.4,86193.4,31566.4,21824.0,39672.72,24413.6,86464.4,45808.6,52430.4,12000.02,161222.0,19539.34,30970.620000000003,29830.0,51380.0,23871.6,80748.2,81919.8,37451.8,105813.6,116340.0,84538.01999999999,24941.02,32590.0
2021-06-27,28600.0,53237.4,35796.340000000004,54501.4,39643.86,69412.6,89760.4,33524.0,21990.4,38688.86,25759.260000000002,88072.0,47824.4,54447.2,12127.88,163313.2,19004.780000000002,30714.96,29660.0,50980.0,23764.6,84727.6,82659.2,37125.8,104319.8,115100.0,82572.86000000002,25059.52,31680.0
2021-07-04,28944.0,52906.0,37260.479999999996,54667.8,40248.86,72232.6,91854.8,34985.0,23174.4,39475.94,26765.440000000002,91558.8,49735.0,53526.4,11872.14,162469.4,20059.8,33953.259999999995,30860.0,53480.0,24919.4,88923.6,86844.0,36829.6,104853.2,119660.0,82940.2,25563.28,31750.0
2021-07-11,29104.0,52398.8,35907.159999999996,51172.6,37715.78,73308.6,88389.2,33173.2,23020.8,37144.94,25833.34,94852.0,55281.0,50360.6,11154.1,156482.6,20214.54,32942.8,30660.0,56360.0,25113.2,86678.2,84773.8,37674.0,99662.2,119720.0,81066.9,26111.420000000002,29560.0
2021-07-18,26200.0,46745.6,33588.259999999995,46697.0,33763.96,70178.6,87863.8,29326.2,21382.4,34617.12,24475.0,97052.4,56404.6,48643.8,10318.04,152299.2,18048.18,31506.26,28350.0,52420.0,22756.6,80098.0,80781.4,34229.6,92053.4,117420.0,78367.1,23555.84,27760.0
2021-07-25,26712.0,39768.6,32060.82,45975.8,32085.04,71401.2,85761.2,29745.0,20768.0,35018.240000000005,23191.66,100311.6,53634.8,47857.2,10131.16,148941.2,18709.36,31201.940000000002,28030.0,49680.0,21962.2,76412.4,79480.2,30629.8,92462.2,113980.0,79083.36,22237.3,27220.0
2021-08-01,27088.0,40580.8,32100.379999999997,46752.8,32377.859999999997,76014.8,86734.4,32102.0,21120.0,35252.88,23250.0,104696.0,53033.2,48538.2,10475.42,149382.6,18990.7,32114.980000000003,29180.0,50030.0,22816.6,74926.0,79864.6,29733.4,93511.0,114140.0,80111.84,21385.420000000002,27320.0
2021-08-08,28544.0,41713.2,33991.9,49231.0,33227.1,78280.6,90862.0,33056.6,22355.2,36206.44,24575.0,112422.4,56470.4,49938.8,10662.32,149402.0,19694.04,34354.979999999996,30220.0,51780.0,23431.0,76149.4,82082.6,30874.2,100142.2,116320.0,79799.62000000001,22526.18,27920.0
2021-08-15,28744.0,44559.2,34015.64,50155.4,33617.54,78280.8,91893.8,33777.2,22566.4,37099.520000000004,24725.0,113100.8,57091.8,51032.0,11114.76,147425.6,20467.739999999998,35681.94,30200.0,52260.0,24258.8,77001.0,86858.8,30696.2,99395.6,118720.0,82352.5,22829.879999999997,28190.0
2021-08-22,28120.0,44313.0,33540.8,50100.0,33422.32,77383.4,89090.4,36504.6,22732.8,37863.9,25716.68,110949.8,56120.2,49190.4,11104.9,140863.0,20509.96,37593.259999999995,29730.0,52720.0,24485.6,78270.6,82230.4,30192.8,99362.2,118480.0,82076.98000000001,23837.32,27870.0
2021-08-29,25672.0,43751.8,30936.98,48694.4,31226.04,75488.8,84184.0,34342.2,21476.8,36168.6,23641.66,109262.6,53317.6,47013.2,10937.72,139251.2,19412.7,37605.44,27200.0,48650.0,22810.0,75313.4,79110.2,26837.2,94820.0,124540.0,79560.9,22592.84,26350.0
2021-09-05,25640.0,45757.333333333336,30971.266666666666,52029.666666666664,31284.599999999995,76060.0,86150.66666666667,37806.0,20880.0,37134.799999999996,23388.899999999998,110547.66666666667,54942.666666666664,47978.666666666664,11885.233333333332,142603.0,19201.733333333334,37617.6,27483.333333333332,48666.666666666664,22907.666666666668,76929.0,78937.66666666667,26852.0,94100.0,126300.0,80473.06666666667,22802.733333333334,27466.666666666668
2021-09-12,25832.0,47690.4,31316.859999999997,51191.2,31538.4,77136.4,86462.0,38257.6,21136.0,38840.22,23633.32,107525.2,56681.4,48327.0,11911.460000000001,143530.2,18610.86,38114.68,27460.0,49200.0,24365.4,77140.4,80012.4,26926.0,92700.0,126740.0,80375.28,23303.96,27570.0
2021-09-19,25200.0,47414.6,31031.96,50081.6,30777.04,77647.0,88311.6,37235.0,20048.0,38719.14,23100.0,116939.4,61668.8,48538.2,11547.560000000001,156482.6,18287.34,38117.979999999996,26740.0,48940.0,25820.8,75684.8,78904.2,26318.6,90000.0,126140.0,80935.8,24044.7,28790.0
2021-09-26,25456.0,44962.8,31388.079999999998,52744.6,30845.359999999997,76922.2,87026.4,36036.8,20416.0,38567.759999999995,23475.0,119272.2,63089.4,47943.8,11518.039999999999,152068.8,18821.879999999997,37389.36,26790.0,50480.0,27149.4,76815.2,76622.6,28600.2,86500.0,123940.0,84168.0,24829.92,28710.0
2021-10-03,25200.0,43761.4,31285.2,53539.8,29771.620000000003,76477.4,93918.6,34946.0,20256.0,39808.94,23183.32,114920.6,63040.0,49248.0,11813.619999999999,150342.2,18554.6,35638.96,25850.0,49460.0,27542.8,75685.0,75826.4,26459.2,87000.0,128640.0,83532.78,24415.079999999998,28470.0
2021-10-10,25040.0,43968.4,31016.120000000003,56128.8,28561.24,78520.0,107060.2,36679.8,19408.0,42109.68,22891.66,117766.6,63397.4,51704.0,12670.0,152587.2,20228.62,35630.08,25350.0,49690.0,28163.8,74260.4,77302.8,25356.0,88620.0,129940.0,83607.5,23406.82,28910.0
2021-10-17,25968.0,44687.0,31530.54,56147.6,30015.659999999996,81601.0,108793.0,36952.4,20560.0,43154.1,23841.66,118908.0,65712.4,52030.0,12480.0,155389.0,20685.78,36616.36,26520.0,52700.0,28577.6,75049.8,77633.2,26822.2,92600.0,133000.0,84168.02,24640.0,30570.0
2021-10-24,25592.0,44332.6,31324.78,55814.6,29264.04,80414.8,110934.4,36670.0,20056.0,43275.18000000001,23433.34,117038.6,64003.8,51703.6,12220.0,150092.6,19553.4,35710.06,26340.0,52800.0,29225.2,73656.4,76370.4,27162.8,92020.0,133180.0,84018.54000000001,25326.66,30660.0
2021-10-31,25376.0,49532.2,31601.76,59920.4,30005.9,79887.8,116230.2,38686.0,20032.0,43048.159999999996,23491.68,120678.4,64758.4,52356.2,12480.0,152951.8,19208.72,35327.979999999996,26200.0,51360.0,28978.2,74337.8,78643.6,27296.4,94020.0,132760.0,84336.16,25153.34,30880.0
2021-11-07,26672.0,52328.4,33936.479999999996,59162.0,31801.96,79344.0,117281.4,39114.6,21096.0,42336.719999999994,23916.68,121141.6,64540.0,51377.6,12840.0,161874.2,20784.239999999998,37558.2,27250.0,52640.0,29191.6,75793.2,81014.6,28007.4,95380.0,130280.0,83140.44,25259.98,31290.0
2021-11-14,26656.0,54160.2,34173.96,59798.0,31801.96,79871.2,116755.8,40069.0,22144.0,41958.340000000004,23725.0,123094.0,65980.8,55118.4,12980.0,166114.8,20808.760000000002,39495.18,28040.0,52120.0,29064.6,75777.6,79965.2,28096.2,94800.0,129940.0,83925.12,24606.66,30510.0
2021-11-21,26528.0,56484.2,34522.159999999996,59423.0,31645.78,80019.4,111518.6,38452.6,22880.0,38590.5,23758.32,124401.0,68871.8,57823.8,14130.0,162411.6,20400.0,41574.31999999999,27910.0,52000.0,29018.2,75406.0,80412.0,28377.6,95080.0,127420.0,82299.7,24006.66,30460.0
2021-11-28,27712.0,53510.2,35946.72,58278.8,33861.58,80464.4,100382.2,36046.6,25832.0,37107.08,25033.32,128785.4,70749.8,54619.8,13570.0,159111.4,21347.78,46612.32,29850.0,54020.0,32175.4,79710.6,80529.0,32303.6,95240.0,130740.0,81421.58,24993.34,30480.0
2021-12-05,26672.0,51934.6,34727.92,56740.4,32914.72,80085.6,95631.8,36864.8,25040.0,36728.659999999996,24283.32,124847.8,68136.8,52202.6,13730.0,150169.4,20469.579999999998,48140.6,29200.0,51680.0,31501.4,76815.2,80606.4,31725.8,105800.0,121660.0,81421.58,24893.34,29480.0
2021-12-12,26408.0,50576.8,34530.08,54433.4,32231.440000000002,78899.2,93840.6,35929.8,24136.0,35442.06,23491.68,126022.6,66259.0,51109.0,15110.0,146274.2,19704.32,46523.46,28220.0,49920.0,33257.2,76103.0,78663.2,30940.8,105660.0,122580.0,80543.44,23773.34,29770.0
2021-12-19,26608.0,62028.4,35693.479999999996,54677.4,32560.0,78998.0,95690.2,37108.2,23824.0,35759.939999999995,23600.02,130952.6,66994.0,52183.2,16640.0,145564.2,19382.6,46416.840000000004,28400.0,50000.0,34111.4,76551.8,80373.4,32200.2,101540.0,123820.0,80580.81999999999,23006.66,30390.0
2021-12-26,26256.0,66889.8,34746.259999999995,52707.8,32240.0,77927.2,92828.4,37468.8,22792.0,34677.659999999996,23158.34,139076.6,66467.4,50763.6,18340.0,141880.2,18391.3,45341.72,28020.0,48780.0,34704.8,77099.8,81733.6,32437.0,97840.0,123040.0,79833.48,22473.34,31240.0
2022-01-02,27040.0,64072.4,35640.0,52163.8,33830.0,77301.0,94269.2,36484.8,24208.0,34753.340000000004,23683.3,141458.6,67093.6,51761.6,17950.0,142839.4,18817.359999999997,44781.94,29930.0,49280.0,37119.8,79300.0,79848.6,32852.0,96600.0,125940.0,80057.7,23313.34,30650.0
2022-01-09,27030.0,68928.5,37912.5,52825.0,34175.0,77021.0,101750.0,37278.5,24480.0,35088.25,23906.25,132111.0,68045.0,53574.25,19275.0,150649.75,19369.550000000003,46492.35,32325.0,50187.5,37793.75,78975.0,82540.0,34814.75,101925.0,124150.0,80221.175,23550.0,33700.0
2022-01-16,26440.0,75263.4,41730.0,50776.0,34210.0,74879.2,101978.6,35589.0,24200.0,34798.78,24091.66,121174.8,66596.6,52394.6,18030.0,147836.0,19008.66,43662.38,33610.0,49550.0,37435.4,80840.0,81033.8,34022.4,100360.0,122960.0,79457.64,23226.66,34680.0
2022-01-23,26392.0,71929.8,45250.0,48956.4,34800.0,72885.8,104081.4,31371.4,23296.0,33224.58,25166.68,121075.6,65653.0,51915.0,16320.0,145581.6,17921.72,39637.340000000004,33560.0,48970.0,35687.0,87380.0,76117.8,32607.4,95840.0,123380.0,78887.78,22406.66,32870.0
2022-01-30,27856.0,75957.8,47910.0,49500.6,36820.0,71370.2,107001.8,30056.8,24232.0,32051.48,27450.0,120446.8,65255.6,53487.6,16310.0,142121.2,18886.94,38233.46,34900.0,51860.0,35840.2,92660.0,77672.0,34274.2,96180.0,121180.0,77140.24,23513.32,33440.0
2022-02-06,27856.0,75957.8,47910.0,49500.6,36820.0,71370.2,107001.8,30056.8,24232.0,32051.48,27450.0,120446.8,65255.6,53487.6,16310.0,142121.2,18886.94,38233.46,34900.0,51860.0,35840.2,92660.0,77672.0,34274.2,96180.0,121180.0,77140.24,23513.32,33440.0
2022-02-13,28368.0,79648.8,47890.0,52013.8,36540.0,74862.8,109357.6,32306.4,25088.0,34821.48,28100.02,122332.8,67441.0,56941.4,18080.0,151082.0,20452.16,40410.36,35310.0,53500.0,37714.6,91300.0,78643.8,35340.8,85980.0,132540.0,78450.9,24533.34,35500.0
2022-02-20,27336.0,81533.6,45360.0,52632.6,34740.0,75521.8,113621.2,32725.2,23552.0,35078.8,27200.0,131780.0,66238.8,57171.4,18230.0,164473.6,19469.56,39610.7,33440.0,51740.0,36606.0,86940.0,77458.2,34274.2,82740.0,141800.0,76760.3,23840.0,33870.0
2022-02-27,27600.0,81811.4,45200.0,54227.4,34310.0,76395.0,113991.2,33270.6,23496.0,35063.64,28250.0,131118.4,67938.0,59512.0,17990.0,164648.8,19121.739999999998,40268.22,33280.0,51160.0,37525.6,86300.0,76875.4,34704.0,81460.0,146020.0,75696.58,24326.66,34300.0
2022-03-06,26944.0,78041.4,43270.0,55634.0,32760.0,76889.4,115568.0,34585.8,22552.0,36463.759999999995,27816.659999999996,130688.2,67441.0,59281.6,17350.0,162951.8,18539.120000000003,40623.62,32120.0,49900.0,37624.4,84980.0,75573.2,34296.4,78620.0,141760.0,74537.86,25040.0,33250.0
2022-03-13,26264.0,73160.4,41430.0,54039.4,32110.0,77746.0,116600.2,34887.6,21760.0,37409.82,26074.98,126568.4,66437.8,58879.0,16750.0,152227.2,18278.239999999998,41227.8,31410.0,49100.0,35011.0,83340.0,72872.4,32903.6,78500.0,137740.0,72771.28,24626.68,32170.0
2022-03-20,26224.0,72862.4,42480.0,52276.4,32270.0,76032.6,104763.0,32861.8,21848.0,34904.72,26616.659999999996,114556.8,65265.2,53679.6,16150.0,149991.4,18965.22,38722.14,32800.0,48870.0,35677.8,83000.0,72250.8,32415.0,78380.0,146640.0,72961.2,24320.0,32150.0
2022-03-27,26408.0,74787.2,43450.0,55015.0,32690.0,79063.8,109863.8,33943.0,22504.0,35320.96,26775.0,121356.8,67361.8,53871.6,16600.0,152776.2,19156.52,39113.12,33690.0,49500.0,36128.4,84140.0,74679.4,33199.8,81320.0,142420.0,72448.36,24453.32,32950.0
2022-04-03,26200.0,71910.2,43080.0,57491.0,32270.0,86823.8,107177.0,33261.2,22568.0,34518.759999999995,27066.659999999996,119503.6,73194.0,53277.0,16020.0,156463.6,18834.78,37691.46000000001,32060.0,49340.0,36254.8,82240.0,73688.6,34192.8,81140.0,141120.0,73645.06,24700.0,32910.0
2022-04-10,26744.0,73259.4,43200.0,60117.0,32480.0,91123.4,109688.2,35267.4,23040.0,35139.340000000004,27650.0,124897.4,76899.6,53929.2,16360.0,163347.4,18260.86,39264.18000000001,31850.0,49350.0,36840.6,83240.0,73668.8,34629.6,81340.0,140160.0,75544.6,26113.32,33230.0
2022-04-17,26890.0,75799.25,40287.5,59226.0,31175.0,94011.0,108466.75,33614.25,21880.0,33943.55,26781.275,124831.5,78066.75,52447.0,15387.5,162361.75,16891.3,36951.775,30762.5,47225.0,34796.75,81500.0,70321.75,32916.75,81475.0,137225.0,72847.25,26000.0,31575.0
2022-04-24,25624.0,76334.8,38170.0,61148.6,29010.0,92689.2,107683.2,32014.4,20432.0,32740.2,24850.0,122121.2,77843.4,49037.0,13540.0,166877.4,15147.820000000002,31951.559999999998,28100.0,43860.0,32370.6,78880.0,64943.8,31341.0,78560.0,139620.0,72087.43999999999,23993.34,30850.0
2022-05-01,24960.0,79747.6,36780.0,57041.0,27850.0,85868.2,104782.4,27787.4,19768.0,31915.28,24400.0,115847.8,73034.8,45756.2,12870.0,161503.6,13904.36,30121.2,27560.0,42090.0,30901.6,81240.0,62670.2,30704.0,78020.0,129580.0,70833.74,23973.34,30270.0
2022-05-08,25186.666666666668,82843.33333333333,37483.333333333336,59648.0,27300.0,84956.33333333333,106171.33333333333,26962.666666666668,19733.333333333332,31748.766666666666,23861.100000000002,115516.66666666667,73770.0,45420.666666666664,14033.333333333334,163563.0,14115.933333333334,27203.86666666667,26383.333333333332,42033.333333333336,29979.666666666668,80100.0,65423.0,30321.0,79833.33333333333,129700.0,68003.43333333333,23444.466666666664,29950.0
2022-05-15,24000.0,77743.6,34350.0,53101.8,25190.0,79657.0,102679.6,23083.4,18632.0,29644.8,21750.0,107985.2,67262.4,38897.6,12640.0,160052.6,12234.76,23821.5,22720.0,37280.0,28828.8,77580.0,67100.8,27808.2,79400.0,126060.0,65097.14,21146.66,27480.0
2022-05-22,22952.0,72406.0,34140.0,46912.2,25880.0,79920.6,99525.6,22440.2,19064.0,28494.420000000002,21883.34,100877.4,65086.6,39003.4,12450.0,157718.8,11869.560000000001,25243.16,20900.0,35000.0,28612.6,75380.0,64788.2,26080.0,77740.0,126060.0,65192.119999999995,20266.66,27160.0
2022-05-29,23904.0,72941.8,34480.0,49068.8,26320.0,85192.6,104217.6,24164.0,20128.0,26723.46,22808.34,107727.4,68405.0,39674.6,13100.0,150834.6,12939.119999999999,25367.56,21900.0,36150.0,28243.2,76220.0,66051.6,25940.0,77680.0,125600.0,66749.76,20393.32,28860.0
2022-06-05,25266.0,72029.0,35050.0,50138.2,27620.0,92013.6,115217.8,24660.8,20720.0,25890.940000000002,23008.34,112075.2,73174.2,41996.4,13600.0,150658.4,12843.460000000001,26185.0,22020.0,36920.0,29054.2,78780.0,69460.0,26580.0,78860.0,130080.0,67908.45999999999,20593.36,30010.0
2022-06-12,25380.0,70580.6,34080.0,51469.8,27420.0,93726.8,123647.8,25527.6,20520.0,25247.66,22908.34,117078.2,76290.0,44192.6,14970.0,155483.0,12391.3,25474.18,21300.0,36970.0,27089.6,79080.0,68580.0,26270.0,78140.0,127380.0,66882.72,20700.0,30330.0
2022-06-19,23760.0,67425.4,32030.0,48168.6,24650.0,88926.2,122654.8,23044.0,19760.0,23182.18,20708.34,108997.8,74460.0,40298.4,15300.0,150501.6,11582.6,20560.6,20690.0,35600.0,23971.4,77020.0,65980.0,22340.0,76580.0,124900.0,63007.659999999996,19113.32,29120.0
2022-06-26,23440.0,62762.4,30500.0,48862.6,23850.0,86316.4,114127.2,21573.6,18792.0,21500.0,19358.34,108700.0,72320.0,38226.4,13880.0,151403.6,11565.22,17623.98,20210.0,34450.0,23322.6,76120.0,64240.0,19500.0,74880.0,128120.0,67528.56,18573.34,28160.0
2022-07-03,24140.0,63457.2,33770.0,51019.6,26450.0,87067.8,112122.2,22381.8,19280.0,22570.0,20316.66,111678.0,71820.0,39367.8,13740.0,152266.4,11956.5,19540.0,22030.0,36110.0,24539.2,75100.0,62820.0,21890.0,73380.0,131680.0,68402.36000000002,19600.0,28650.0
2022-07-10,24210.0,60083.8,35650.0,50475.6,26330.0,83489.0,99420.0,20804.0,19336.0,21910.0,20850.0,103520.0,65260.0,37804.2,13020.0,150658.6,11791.3,19680.0,22600.0,37410.0,24566.4,74080.0,60520.0,24530.0,70460.0,127940.0,70729.84,19333.36,27290.0
2022-07-17,23910.0,61095.6,35780.0,53064.0,26350.0,81808.6,97300.0,21865.6,18784.0,22410.0,20949.98,101840.0,63320.0,38322.0,12910.0,151246.6,12313.04,20970.0,22800.0,35970.0,24034.8,72080.0,60180.0,24240.0,69700.0,125820.0,71285.42,18573.32,26140.0
2022-07-24,24220.0,62722.8,35910.0,53439.4,26980.0,83232.2,102860.0,22868.6,18976.0,22400.0,21216.68,104320.0,62160.0,40164.0,13310.0,157248.2,12652.18,21010.0,22930.0,36530.0,25089.0,72160.0,59020.0,25010.0,68000.0,125160.0,71265.76,18753.36,26080.0
2022-07-31,24270.0,69489.2,36060.0,52783.0,26990.0,83785.6,105580.0,22693.8,19144.0,21540.0,21083.34,108900.0,62280.0,39492.2,13230.0,167368.0,12504.34,20720.0,23600.0,37040.0,24359.0,74360.0,58980.0,26020.0,66180.0,125860.0,71226.43999999999,18686.66,26950.0
2022-08-07,24940.0,75501.6,39020.0,55089.8,28850.0,84161.4,109320.0,24066.8,19840.0,23280.0,22333.32,108360.0,62100.0,39799.4,13710.0,182057.0,13173.920000000002,23580.0,25210.0,38370.0,25323.2,79980.0,61840.0,26300.0,65820.0,127460.0,71953.48,19453.34,29000.0
2022-08-14,24820.0,78795.4,38670.0,54283.4,28680.0,85150.2,112260.0,24339.6,20144.0,23770.0,22583.34,105960.0,63160.0,40346.4,13960.0,177918.8,13052.18,24660.0,25260.0,38890.0,25693.0,81280.0,61260.0,25930.0,65340.0,125300.0,70676.3,19980.0,28780.0
2022-08-21,24950.0,79787.6,40090.0,53364.4,28950.0,87205.8,113840.0,23910.8,21192.0,24150.0,22933.34,110560.0,64920.0,40883.4,13890.0,186509.0,13608.7,24830.0,25380.0,39100.0,25882.0,81440.0,61060.0,26100.0,67120.0,123860.0,71403.31999999999,20259.98,29450.0
2022-08-28,24820.0,88240.4,39190.0,53401.8,28270.0,86300.4,116180.0,23881.8,20768.0,23570.0,23370.0,112260.0,68160.0,41737.0,13990.0,185626.4,13660.880000000001,25130.0,25170.0,39160.0,25449.4,81340.0,59980.0,25280.0,65360.0,123460.0,75057.95999999999,20986.66,28910.0
2022-09-04,24583.333333333332,89920.33333333333,39600.0,54145.666666666664,28183.333333333332,86500.0,117833.33333333333,25307.0,21053.333333333332,23016.666666666668,23600.0,113466.66666666667,73766.66666666667,40720.0,13933.333333333334,184286.66666666666,13463.766666666668,24116.666666666668,24766.666666666668,38816.666666666664,25113.0,84166.66666666667,60200.0,25100.0,63633.333333333336,122000.0,74337.53333333334,20966.666666666668,28166.666666666668
2022-09-11,24290.0,88320.0,38210.0,54002.2,27450.0,84920.0,114140.0,24982.2,20880.0,23470.0,23150.0,114720.0,71920.0,39022.4,14010.0,186332.6,12852.179999999998,22850.0,24280.0,37970.0,24728.4,80420.0,60220.0,24170.0,63420.0,117320.0,75175.86,20453.32,27630.0
2022-09-18,23550.0,92962.8,36290.0,52914.0,26930.0,83880.0,112640.0,24378.4,20304.0,23560.0,22300.0,113160.0,73540.0,38025.0,14220.0,184469.2,12278.24,21650.0,22940.0,36840.0,24007.4,79040.0,60440.0,23120.0,63580.0,116560.0,73780.8,20280.0,28860.0
2022-09-25,22750.0,95423.6,34800.0,51807.4,25490.0,82820.0,109920.0,22713.0,19680.0,22850.0,21160.0,111280.0,70340.0,36192.8,13540.0,183331.8,11504.34,20580.0,21780.0,34670.0,22719.0,78160.0,58100.0,22230.0,63160.0,114780.0,74959.72,19660.0,28780.0
2022-10-02,22160.0,89907.2,33600.0,52201.4,23210.0,79500.0,108820.0,21378.6,19102.0,21890.0,20010.0,103300.0,65620.0,33314.8,12700.0,180645.0,10869.58,19580.0,20320.0,33100.0,22376.6,74300.0,52540.0,22550.0,58020.0,110340.0,71364.01999999999,18233.34,27070.0
2022-10-09,20410.0,87837.8,30910.0,46086.6,21140.0,76680.0,105780.0,17765.4,18200.0,18680.0,18350.0,88820.0,58960.0,30955.0,11450.0,182782.6,9817.380000000001,17820.0,18390.0,29520.0,21267.8,70040.0,52440.0,20920.0,58560.0,113420.0,69418.8,16530.0,26460.0
2022-10-16,19140.0,84960.0,30880.0,46049.2,21350.0,72880.0,107380.0,16040.0,16740.0,18700.0,17130.0,79820.0,57500.0,32192.6,10650.0,182370.8,8843.460000000001,17250.0,17020.0,25120.0,18357.0,65140.0,52580.0,19760.0,60060.0,108680.0,70754.9,15770.0,24810.0
2022-10-23,21040.0,84700.0,32850.0,47240.2,22730.0,75180.0,109940.0,16250.0,16660.0,18300.0,17160.0,79200.0,57940.0,31540.0,10880.0,186332.6,9565.2,17410.0,17250.0,24620.0,18465.0,67820.0,49590.0,19880.0,57660.0,109000.0,74999.0,15870.0,25000.0
2022-10-30,20980.0,81880.0,32210.0,47756.2,22770.0,73780.0,108280.0,13950.0,16200.0,16920.0,16710.0,78540.0,52200.0,27463.2,10120.0,182174.4,9226.08,15350.0,15390.0,22250.0,18411.4,70240.0,44320.0,19350.0,55620.0,107660.0,75156.22,15860.0,23000.0
2022-11-06,21630.0,79280.0,33720.0,48750.2,24230.0,74420.0,110700.0,14140.0,16170.0,15170.0,17830.0,84540.0,49050.0,27808.6,10160.0,179723.2,9860.880000000001,16320.0,16760.0,25360.0,19213.4,73380.0,44880.0,20100.0,55120.0,104340.0,78005.26,17100.0,25730.0
2022-11-13,20700.0,74220.0,35010.0,46639.6,23600.0,73140.0,114200.0,12550.0,14610.0,12850.0,16580.0,85000.0,43660.0,27804.8,10388.0,181174.2,9234.76,14440.0,15790.0,23560.0,18132.0,73340.0,44070.0,18080.0,53540.0,100500.0,79046.64,16880.0,25250.0
2022-11-20,20400.0,75120.0,35320.0,44060.8,24360.0,69700.0,115260.0,11000.0,14760.0,13480.0,15170.0,92320.0,40580.0,25580.0,10036.0,181311.8,8340.880000000001,15010.0,16280.0,22130.0,18366.2,75640.0,45650.0,17850.0,60520.0,101980.0,75352.68000000001,15370.0,26570.0
2022-11-27,20820.0,75280.0,37470.0,45619.0,24560.0,70720.0,107860.0,12930.0,14770.0,14640.0,15820.0,92560.0,39370.0,26780.0,10510.0,177742.4,9053.4,16270.0,17640.0,22250.0,18303.0,73620.0,45730.0,18150.0,62140.0,100460.0,78634.02,15330.0,26620.0
2022-12-04,22500.0,79680.0,40360.0,47690.0,27210.0,75060.0,110400.0,14550.0,15780.0,17960.0,17680.0,100220.0,43620.0,30180.0,11430.0,173663.0,10410.0,18820.0,19960.0,26380.0,19663.8,80500.0,53700.0,19930.0,67760.0,103540.0,81325.9,16630.0,30380.0
2022-12-11,22780.0,80220.0,39510.0,48640.0,27760.0,77160.0,108300.0,14780.0,16510.0,18990.0,18060.0,100000.0,45800.0,30330.0,11150.0,175173.4,10720.0,20080.0,21490.0,27780.0,19862.2,79560.0,55660.0,20930.0,68720.0,107480.0,80756.08,17030.0,29610.0
2022-12-18,22980.0,79580.0,38700.0,49450.0,27960.0,77220.0,106160.0,15340.0,16630.0,19310.0,18320.0,96340.0,46720.0,31220.0,11360.0,174820.2,10780.0,20080.0,22630.0,28690.0,20673.0,78720.0,51300.0,20700.0,60900.0,112300.0,76551.28,17500.0,27420.0
2022-12-25,22780.0,79620.0,38780.0,48060.0,27660.0,77120.0,103240.0,14530.0,16930.0,19030.0,17880.0,94660.0,46470.0,30160.0,10780.0,173255.2,10550.0,19400.0,23060.0,27990.0,19907.4,79060.0,48740.0,19950.0,55480.0,111380.0,76893.0,17940.0,26170.0
2023-01-01,22020.0,79520.0,39860.0,46360.0,26810.0,76540.0,102560.0,13880.0,16130.0,17910.0,17200.0,92620.0,43040.0,31070.0,10550.0,171265.6,9956.0,17740.0,22430.0,25990.0,19087.0,79740.0,47600.0,18850.0,53440.0,109220.0,76540.0,17790.0,26010.0
2023-01-08,22837.5,83675.0,41100.0,47875.0,28400.0,80225.0,105325.0,14687.5,16425.0,19462.5,18100.0,97650.0,43550.0,34775.0,11387.5,172946.75,10400.0,19025.0,23825.0,27525.0,20040.25,83350.0,49500.0,20125.0,56275.0,109975.0,79700.0,18825.0,28787.5
2023-01-15,23880.0,82000.0,41360.0,48500.0,28950.0,80460.0,104560.0,14530.0,16690.0,19920.0,18240.0,95240.0,42180.0,36750.0,11710.0,179542.4,10550.0,19140.0,24910.0,27700.0,20232.0,85980.0,50850.0,21470.0,54920.0,109180.0,80340.0,18820.0,28920.0
2023-01-22,25450.0,83550.0,45175.0,48762.5,30612.5,82525.0,104000.0,15812.5,17275.0,21187.5,19262.5,98575.0,43875.0,37537.5,12087.5,186078.5,11012.5,20387.5,26412.5,28825.0,20862.25,89925.0,52000.0,22750.0,56025.0,111175.0,80725.0,19537.5,29325.0
2023-01-29,26350.0,85200.0,44550.0,51000.0,30350.0,84000.0,108200.0,16850.0,17700.0,21500.0,19700.0,103700.0,45900.0,38100.0,12200.0,192097.0,11200.0,20950.0,26650.0,29050.0,22079.0,93000.0,53300.0,22344.0,59200.0,116200.0,80000.0,19700.0,30300.0
2023-02-05,25230.0,84320.0,43780.0,50110.0,29500.0,82240.0,106340.0,15880.0,18560.0,21470.0,19050.0,98300.0,47500.0,36720.0,12170.0,188276.8,10680.0,20530.0,26160.0,28280.0,21718.4,90900.0,49280.0,22602.2,56360.0,112860.0,77280.0,18730.0,29110.0
2023-02-12,24570.0,84340.0,44050.0,49640.0,29500.0,80760.0,106760.0,14950.0,18230.0,20570.0,18440.0,93380.0,44690.0,38240.0,12200.0,192395.4,10200.0,19380.0,24910.0,27490.0,21790.8,93940.0,46410.0,21977.6,54720.0,106160.0,76040.0,17980.0,28590.0
2023-02-19,24380.0,84620.0,44520.0,49500.0,29220.0,81260.0,106740.0,14420.0,18090.0,20780.0,18040.0,92600.0,42860.0,38450.0,12060.0,188157.4,9966.0,19090.0,24110.0,27310.0,21294.8,92880.0,43090.0,20760.0,53220.0,102800.0,75700.0,17140.0,28330.0
2023-02-26,25230.0,84940.0,45720.0,50040.0,29290.0,81920.0,107320.0,14890.0,18370.0,21400.0,18320.0,90560.0,43380.0,38850.0,12260.0,187779.4,10202.0,19840.0,25010.0,27940.0,21709.4,93560.0,43200.0,21460.0,53460.0,100060.0,76120.0,17650.0,28010.0
2023-03-05,24670.0,83780.0,45260.0,48720.0,27760.0,79960.0,104420.0,14130.0,17490.0,20390.0,17340.0,79480.0,40200.0,38090.0,12300.0,187592.0,9852.0,18510.0,24670.0,26960.0,21223.0,92680.0,41130.0,20770.0,52660.0,100560.0,76020.0,17160.0,26290.0
2023-03-12,24810.0,84000.0,47100.0,48790.0,29070.0,79320.0,105580.0,14650.0,18420.0,21040.0,17570.0,79560.0,39650.0,38790.0,12740.0,186100.0,10068.0,19510.0,25550.0,27310.0,21520.2,92040.0,42400.0,20810.0,52880.0,98820.0,76140.0,17830.0,27000.0
2023-03-19,24420.0,82920.0,46130.0,49220.0,29150.0,79260.0,106220.0,14840.0,18270.0,20790.0,17480.0,84020.0,39360.0,36910.0,13230.0,189900.0,10104.0,19900.0,24880.0,26730.0,22187.2,90780.0,44670.0,20840.0,53360.0,103640.0,76300.0,19550.0,28970.0
2023-03-26,24280.0,81800.0,45650.0,48880.0,28400.0,78160.0,102800.0,14520.0,17710.0,20310.0,17440.0,79820.0,38060.0,35400.0,13130.0,187660.0,10270.0,20030.0,24730.0,26290.0,21810.0,88060.0,46520.0,20720.0,52900.0,105220.0,74680.0,20650.0,29340.0
2023-04-02,24580.0,82380.0,46120.0,48440.0,28970.0,79100.0,102580.0,14930.0,18480.0,20780.0,18150.0,78020.0,38610.0,36370.0,13270.0,185420.0,10730.0,21060.0,25690.0,27620.0,22000.0,91840.0,49090.0,21250.0,53780.0,106100.0,74660.0,21020.0,29450.0
2023-04-09,25130.0,81480.0,45810.0,48850.0,29730.0,80560.0,101800.0,15920.0,19460.0,21260.0,18670.0,77640.0,39330.0,37710.0,13270.0,177880.0,11440.0,22270.0,26310.0,29490.0,22850.0,91620.0,51540.0,21530.0,55840.0,102540.0,74420.0,21120.0,29440.0
2023-04-16,24940.0,79860.0,44580.0,48590.0,29390.0,80020.0,99460.0,15950.0,19620.0,20670.0,18580.0,78380.0,40700.0,36990.0,13390.0,171820.0,11970.0,21990.0,26030.0,30080.0,23140.0,88420.0,50680.0,21050.0,53280.0,100420.0,73880.0,20730.0,28770.0
2023-04-23,24530.0,79320.0,44560.0,46840.0,28870.0,79400.0,96200.0,15240.0,19140.0,20820.0,18140.0,77880.0,40000.0,36500.0,13200.0,168240.0,11420.0,21430.0,25720.0,29030.0,22620.0,88140.0,50500.0,20460.0,52720.0,99140.0,71900.0,19840.0,28260.0
2023-04-30,24170.0,78740.0,43750.0,45520.0,28600.0,78320.0,92700.0,15350.0,18760.0,21410.0,18340.0,72280.0,38470.0,36990.0,12910.0,171820.0,11040.0,21330.0,25290.0,29580.0,23090.0,89220.0,49140.0,20300.0,51920.0,96120.0,70180.0,19490.0,27610.0
2023-05-07,24675.0,78000.0,43600.0,45575.0,28050.0,78450.0,91950.0,15600.0,18925.0,21375.0,18150.0,71800.0,37850.0,37625.0,13025.0,166050.0,11000.0,21600.0,25050.0,28875.0,23475.0,89150.0,49250.0,20175.0,51000.0,95750.0,68700.0,19500.0,27200.0
2023-05-14,24930.0,77680.0,44960.0,45930.0,28180.0,79200.0,93020.0,16540.0,19200.0,21840.0,18440.0,73900.0,38500.0,37770.0,13350.0,165040.0,11420.0,22540.0,26190.0,29280.0,23540.0,92220.0,49680.0,20460.0,50860.0,96480.0,70240.0,19600.0,27770.0
2023-05-21,24970.0,77740.0,44750.0,44990.0,27860.0,81940.0,92880.0,16020.0,19460.0,21930.0,18670.0,73220.0,38380.0,37680.0,13400.0,162520.0,11640.0,22790.0,27290.0,29630.0,23570.0,93260.0,53280.0,21080.0,53240.0,98240.0,69100.0,19430.0,28160.0
2023-05-28,25130.0,77260.0,43780.0,44100.0,27800.0,82420.0,93760.0,16590.0,19490.0,21440.0,18620.0,71640.0,38190.0,37510.0,13560.0,158340.0,11820.0,22700.0,27540.0,30070.0,23610.0,92740.0,54460.0,17641.8,52380.0,98480.0,67140.0,19400.0,27730.0
2023-06-04,23790.0,77900.0,44060.0,43800.0,28130.0,83700.0,92700.0,18500.0,18730.0,21400.0,18920.0,72100.0,39480.0,37800.0,13640.0,157100.0,11800.0,23490.0,27880.0,30570.0,25170.0,94080.0,54060.0,18099.8,52220.0,97960.0,66340.0,19470.0,27290.0
2023-06-11,21710.0,78920.0,44200.0,44400.0,28650.0,84700.0,94180.0,18340.0,18890.0,22340.0,20170.0,74820.0,41370.0,38640.0,13810.0,159400.0,12300.0,24780.0,28080.0,32270.0,24480.0,98900.0,54980.0,19441.8,52560.0,96860.0,66080.0,19700.0,27060.0
2023-06-18,21640.0,81080.0,43910.0,44510.0,28580.0,84420.0,94920.0,18060.0,18580.0,23210.0,19860.0,77780.0,42220.0,37910.0,13710.0,159960.0,12410.0,25580.0,28200.0,32660.0,18210.0,102920.0,56320.0,19408.4,53660.0,96520.0,67000.0,19620.0,26860.0
2023-06-25,21710.0,81400.0,43690.0,44220.0,29130.0,85320.0,95660.0,18910.0,18610.0,24370.0,19830.0,75880.0,42530.0,37410.0,13650.0,155680.0,12740.0,26040.0,29540.0,32450.0,18370.0,100380.0,55280.0,19556.8,52180.0,94720.0,66720.0,19680.0,26770.0
2023-07-02,22140.0,80140.0,44360.0,44820.0,29600.0,86520.0,95060.0,19390.0,18640.0,25910.0,20300.0,76600.0,43690.0,37730.0,13600.0,154540.0,12680.0,26040.0,29690.0,32910.0,18280.0,100600.0,55360.0,19800.0,51920.0,94660.0,70920.0,20070.0,27050.0
2023-07-09,21880.0,80340.0,44220.0,44920.0,29440.0,79620.0,94920.0,20500.0,18400.0,26770.0,20320.0,75600.0,43660.0,39680.0,13310.0,153100.0,13180.0,26230.0,29630.0,31810.0,18130.0,101540.0,55400.0,19720.0,50780.0,94180.0,70500.0,19810.0,27130.0
2023-07-16,21960.0,80820.0,46770.0,46350.0,29980.0,75940.0,97900.0,21520.0,18600.0,27310.0,19989.56,80040.0,48900.0,41370.0,13270.0,151720.0,13670.0,28080.0,29730.0,31900.0,18210.0,103920.0,55100.0,20230.0,51200.0,95020.0,72960.0,19890.0,27700.0
2023-07-23,22020.0,79960.0,46430.0,47110.0,29760.0,79500.0,99160.0,21810.0,17770.0,27700.0,18540.0,80900.0,49360.0,40360.0,13340.0,153140.0,14140.0,28520.0,28260.0,32140.0,18690.0,105120.0,58600.0,20510.0,52360.0,97220.0,72680.0,20890.0,28270.0
2023-07-30,22200.0,78420.0,46940.0,46800.0,29680.0,82620.0,98640.0,21860.0,17220.0,28320.0,18720.0,84460.0,53554.4,40210.0,13390.0,158360.0,12580.0,29140.0,28450.0,33260.0,18740.0,91873.8,58620.0,20830.0,51420.0,97020.0,75240.0,21880.0,28720.0
2023-08-06,23350.0,78500.0,48290.0,47530.0,30670.0,84120.0,100520.0,21990.0,17330.0,27480.0,18890.0,86320.0,52560.0,40770.0,13590.0,159220.0,12750.0,29030.0,28910.0,33860.0,18770.0,91000.0,62160.0,20760.0,58540.0,101200.0,75140.0,22000.0,28950.0
2023-08-13,23230.0,75520.0,47780.0,47330.0,32290.0,83200.0,101320.0,22000.0,17250.0,27520.0,19100.0,86580.0,53060.0,40710.0,13830.0,160740.0,13150.0,28730.0,30690.0,33900.0,18860.0,90120.0,61560.0,20950.0,67440.0,101660.0,73820.0,22170.0,30460.0
2023-08-20,22680.0,71920.0,46680.0,46340.0,32070.0,84640.0,99760.0,21100.0,16940.0,27730.0,18770.0,81500.0,53220.0,39650.0,13720.0,156380.0,12730.0,28990.0,31990.0,34070.0,18740.0,89200.0,60720.0,20440.0,71680.0,100160.0,73240.0,21820.0,30560.0
2023-08-27,21980.0,67820.0,45620.0,45160.0,31550.0,87900.0,101020.0,19400.0,16230.0,26050.0,18140.0,78660.0,49900.0,37590.0,12650.0,152500.0,12060.0,30830.0,31500.0,33300.0,18640.0,87540.0,55100.0,19760.0,64600.0,96860.0,73740.0,20470.0,29060.0
2023-09-03,22287.5,71175.0,46087.5,44987.5,31737.5,95225.0,100250.0,20850.0,16425.0,27162.5,18337.5,80450.0,53050.0,38287.5,12700.0,158050.0,12262.5,32925.0,32137.5,34100.0,19287.5,88400.0,54650.0,19987.5,63050.0,97600.0,77725.0,20725.0,29750.0
2023-09-10,22837.5,71525.0,47287.5,45625.0,32562.5,97825.0,101550.0,22275.0,17237.5,28550.0,19200.0,82000.0,54950.0,39300.0,12937.5,159725.0,12687.5,33687.5,32812.5,35325.0,19612.5,89825.0,55075.0,20637.5,60950.0,101150.0,79900.0,21587.5,30087.5
2023-09-17,22550.0,70620.0,46810.0,45390.0,32540.0,97540.0,105060.0,22270.0,17490.0,28110.0,19120.0,79800.0,56200.0,40060.0,12810.0,134300.0,12340.0,35250.0,32040.0,34930.0,19120.0,89280.0,51520.0,20970.0,57540.0,99720.0,79560.0,22320.0,28900.0
2023-09-24,22380.0,69220.0,45580.0,44280.0,31910.0,97460.0,105080.0,22520.0,17650.0,27970.0,19000.0,78280.0,54520.0,39770.0,12640.0,79780.0,12040.0,35140.0,32880.0,34130.0,19020.0,88240.0,49440.0,20720.0,52080.0,98900.0,78320.0,21770.0,27790.0
2023-10-01,21900.0,67360.0,44510.0,42230.0,30400.0,93780.0,89880.0,19650.0,17370.0,26320.0,18370.0,74420.0,52020.0,37280.0,11660.0,74060.0,10990.0,31670.0,31240.0,33020.0,17880.0,87920.0,45420.0,19310.0,45710.0,98860.0,75860.0,20950.0,26010.0
2023-10-08,21700.0,69060.0,42360.0,41990.0,28950.0,92440.0,85960.0,19780.0,17070.0,25220.0,18200.0,74080.0,49080.0,35830.0,11260.0,70480.0,10690.0,31730.0,30220.0,32350.0,16830.0,85800.0,45000.0,18870.0,45810.0,97140.0,74180.0,21110.0,26880.0
2023-10-15,22670.0,68080.0,42130.0,42460.0,29370.0,96280.0,86160.0,20680.0,17430.0,25850.0,18410.0,73260.0,48800.0,36400.0,11400.0,68920.0,10830.0,33410.0,31460.0,32380.0,16960.0,85960.0,47370.0,19390.0,45630.0,98700.0,74760.0,21720.0,27120.0
2023-10-22,22160.0,64060.0,40730.0,41050.0,28750.0,93560.0,84040.0,20430.0,17550.0,24370.0,17930.0,69260.0,45460.0,35640.0,11220.0,69480.0,10470.0,31300.0,29800.0,31310.0,16440.0,85440.0,44070.0,18510.0,43870.0,104120.0,73520.0,22150.0,26640.0
2023-10-29,21650.0,61640.0,40980.0,40130.0,28870.0,89540.0,79060.0,19820.0,17360.0,23640.0,17630.0,63620.0,42700.0,34420.0,11050.0,67080.0,10360.0,30120.0,29210.0,30560.0,16440.0,85160.0,43000.0,18060.0,42950.0,101900.0,68900.0,20700.0,25310.0
2023-11-05,21730.0,58680.0,40870.0,39610.0,27800.0,85880.0,77680.0,17840.0,17520.0,24060.0,17280.0,60460.0,37850.0,32710.0,10870.0,60040.0,10440.0,27640.0,27830.0,28870.0,16010.0,87680.0,39420.0,18130.0,41090.0,102560.0,69380.0,19960.0,23130.0
2023-11-12,22410.0,59720.0,42310.0,40740.0,29050.0,90680.0,79300.0,18802.8,18530.0,26340.0,18090.0,62860.0,39110.0,33580.0,11430.0,64540.0,11120.0,29860.0,29520.0,31190.0,16900.0,88240.0,41440.0,19060.0,43500.0,108740.0,70700.0,20480.0,23820.0
2023-11-19,22880.0,60618.8,43180.0,40880.0,29870.0,92080.0,79380.0,19422.0,18780.0,26980.0,18360.0,64100.0,41260.0,33760.0,11800.0,62880.0,11370.0,31790.0,29760.0,31360.0,17370.0,86560.0,40780.0,19440.0,44490.0,107700.0,69720.0,19590.0,23650.0
2023-11-26,22410.0,59032.8,43470.0,40640.0,29470.0,91520.0,78160.0,19810.0,18470.0,26630.0,17980.0,63640.0,39420.0,33690.0,11570.0,62600.0,11130.0,32150.0,28820.0,30640.0,17070.0,86180.0,39030.0,18970.0,41990.0,106360.0,69040.0,19430.0,22630.0
2023-12-03,21940.0,58320.0,39880.0,39370.0,28140.0,91560.0,77160.0,19780.0,18080.0,26690.0,17780.0,61420.0,38410.0,34680.0,11290.0,65080.0,10820.0,31460.0,27670.0,29680.0,16870.0,85280.0,40790.0,18720.0,42130.0,105340.0,68160.0,19240.0,22700.0
2023-12-10,22310.0,63660.0,40390.0,39800.0,26700.0,94380.0,78660.0,20450.0,18600.0,27530.0,18130.0,63080.0,40870.0,35550.0,11540.0,65020.0,11020.0,33190.0,28170.0,30490.0,17340.0,85500.0,40320.0,19230.0,42860.0,105320.0,68560.0,19460.0,22980.0
2023-12-17,22490.0,63820.0,41600.0,40060.0,26810.0,95880.0,77260.0,20080.0,18860.0,27330.0,18110.0,65500.0,41810.0,34890.0,11420.0,64060.0,10950.0,32220.0,27500.0,30710.0,17110.0,83740.0,40600.0,19030.0,43940.0,104400.0,68820.0,19150.0,23140.0
