Date,PX_LAST,pct,Change
2019-01-15,865.1,0.0066,5.680000000000064
2019-01-16,864.29,-0.0009,-0.8100000000000591
2019-01-17,853.34,-0.0127,-10.949999999999932
2019-01-18,854.79,0.0017000000000000001,1.4499999999999318
2019-01-21,864.1,0.0109,9.31000000000006
2019-01-22,859.17,-0.005699999999999999,-4.930000000000064
2019-01-23,861.73,0.003,2.560000000000059
2019-01-24,865.52,0.0044,3.7899999999999636
2019-01-25,867.7,0.0025,2.1800000000000637
2019-01-28,868.76,0.0012,1.0599999999999454
2019-01-29,872.03,0.0038,3.269999999999982
2019-01-30,869.16,-0.0033,-2.8700000000000045
2019-01-31,866.06,-0.0036,-3.1000000000000227
2019-02-01,859.81,-0.0072,-6.25
2019-02-11,878.67,0.0219,18.860000000000014
2019-02-12,888.33,0.011000000000000001,9.660000000000082
2019-02-13,897.42,0.0102,9.089999999999918
2019-02-14,900.12,0.003,2.7000000000000455
2019-02-15,897.74,-0.0026,-2.3799999999999955
2019-02-18,904.93,0.008,7.189999999999941
2019-02-19,907.82,0.0032,2.8900000000001
2019-02-20,911.8,0.0044,3.9799999999999045
2019-02-21,926.09,0.015700000000000002,14.290000000000077
2019-02-22,929.5,0.0037,3.409999999999968
2019-02-25,939.47,0.010700000000000001,9.970000000000027
2019-02-26,929.51,-0.0106,-9.960000000000036
2019-02-27,930.54,0.0011,1.0299999999999727
2019-02-28,904.98,-0.0275,-25.559999999999945
2019-03-01,915.32,0.011399999999999999,10.340000000000032
2019-03-04,928.42,0.0143,13.099999999999909
2019-03-05,923.66,-0.0051,-4.759999999999991
2019-03-06,923.58,-0.0001,-0.07999999999992724
2019-03-07,922.29,-0.0014000000000000002,-1.2900000000000773
2019-03-08,914.74,-0.008199999999999999,-7.5499999999999545
2019-03-11,916.24,0.0016,1.5
2019-03-12,929.86,0.0149,13.620000000000005
2019-03-13,935.41,0.006,5.5499999999999545
2019-03-14,934.42,-0.0011,-0.9900000000000091
2019-03-15,927.06,-0.0079,-7.360000000000014
2019-03-18,932.75,0.0060999999999999995,5.690000000000055
2019-03-19,927.56,-0.005600000000000001,-5.190000000000055
2019-03-20,924.12,-0.0037,-3.439999999999941
2019-03-21,907.87,-0.0176,-16.25
2019-03-22,912.27,0.0048,4.399999999999977
2019-03-25,893.4,-0.0207,-18.870000000000005
2019-03-26,894.58,0.0013,1.1800000000000637
2019-03-27,901.76,0.008,7.17999999999995
2019-03-28,901.65,-0.0001,-0.11000000000001364
2019-03-29,900.13,-0.0017000000000000001,-1.5199999999999818
2019-04-01,905.87,0.0064,5.740000000000009
2019-04-02,903.59,-0.0025,-2.2799999999999727
2019-04-03,901.5,-0.0023,-2.090000000000032
2019-04-04,904.33,0.0031,2.830000000000041
2019-04-05,904.69,0.0004,0.36000000000001364
2019-04-08,906.55,0.0021,1.8599999999999
2019-04-09,900.07,-0.0070999999999999995,-6.4799999999999045
2019-04-10,893.19,-0.0076,-6.8799999999999955
2019-04-11,896.04,0.0032,2.849999999999909
2019-04-12,893.1,-0.0033,-2.939999999999941
2019-04-16,887.76,-0.006,-5.340000000000032
2019-04-17,885.66,-0.0024,-2.1000000000000227
2019-04-18,877.02,-0.0098,-8.639999999999986
2019-04-19,880.52,0.004,3.5
2019-04-22,878.23,-0.0026,-2.2899999999999636
2019-04-23,878.29,0.0001,0.05999999999994543
2019-04-24,888.65,0.0118,10.360000000000014
2019-04-25,885.65,-0.0034000000000000002,-3.0
2019-04-26,890.55,0.0055000000000000005,4.899999999999977
2019-05-02,893.87,0.0037,3.32000000000005
2019-05-03,895.42,0.0017000000000000001,1.5499999999999545
2019-05-06,878.8,-0.018600000000000002,-16.620000000000005
2019-05-07,877.02,-0.002,-1.7799999999999727
2019-05-08,872.78,-0.0048,-4.240000000000009
2019-05-09,871.5,-0.0015,-1.2799999999999727
2019-05-10,876.45,0.005699999999999999,4.9500000000000455
2019-05-13,879.64,0.0036,3.189999999999941
2019-05-14,882.67,0.0034000000000000002,3.0299999999999727
2019-05-15,893.22,0.012,10.550000000000068
2019-05-16,891.93,-0.0014000000000000002,-1.2900000000000773
2019-05-17,890.53,-0.0016,-1.3999999999999773
2019-05-20,901.06,0.0118,10.529999999999973
2019-05-21,901.36,0.0003,0.3000000000000682
2019-05-22,897.66,-0.0040999999999999995,-3.7000000000000455
2019-05-23,895.07,-0.0029,-2.589999999999918
2019-05-24,884.48,-0.0118,-10.590000000000032
2019-05-27,889.2,0.0053,4.720000000000027
2019-05-28,885.27,-0.0044,-3.9300000000000637
2019-05-29,883.52,-0.002,-1.75
2019-05-30,883.37,-0.0002,-0.14999999999997726
2019-05-31,876.29,-0.008,-7.080000000000041
2019-06-03,864.08,-0.0139,-12.209999999999923
2019-06-04,864.35,0.0003,0.2699999999999818
2019-06-05,863.69,-0.0008,-0.6599999999999682
2019-06-06,861.31,-0.0028000000000000004,-2.380000000000109
2019-06-07,869.56,0.0096,8.25
2019-06-10,872.49,0.0034000000000000002,2.9300000000000637
2019-06-11,870.91,-0.0018,-1.580000000000041
2019-06-12,865.42,-0.0063,-5.490000000000009
2019-06-13,859.68,-0.0066,-5.740000000000009
2019-06-14,861.65,0.0023,1.9700000000000273
2019-06-17,852.99,-0.0101,-8.659999999999968
2019-06-18,848.17,-0.005699999999999999,-4.82000000000005
2019-06-19,854.34,0.0073,6.170000000000073
2019-06-20,864.59,0.012,10.25
2019-06-21,866.53,0.0022,1.9399999999999409
2019-06-24,868.94,0.0028000000000000004,2.410000000000082
2019-06-25,868.5,-0.0005,-0.44000000000005457
2019-06-26,866.81,-0.0019,-1.6900000000000546
2019-06-27,854.41,-0.0143,-12.399999999999977
2019-06-28,864.24,0.0115,9.830000000000041
2019-07-01,876.26,0.0139,12.019999999999982
2019-07-02,872.92,-0.0038,-3.340000000000032
2019-07-03,869.58,-0.0038,-3.339999999999918
2019-07-04,879.72,0.011699999999999999,10.139999999999986
2019-07-05,880.23,0.0006,0.5099999999999909
2019-07-08,870.92,-0.0106,-9.31000000000006
2019-07-09,872.21,0.0015,1.2900000000000773
2019-07-10,876.12,0.0045000000000000005,3.909999999999968
2019-07-11,879.1,0.0034000000000000002,2.980000000000018
2019-07-12,874.99,-0.004699999999999999,-4.110000000000014
2019-07-15,873.71,-0.0015,-1.2799999999999727
2019-07-16,880.91,0.008199999999999999,7.199999999999932
2019-07-17,879.75,-0.0013,-1.1599999999999682
2019-07-18,870.81,-0.0102,-8.940000000000055
2019-07-19,880.79,0.0115,9.980000000000018
2019-07-22,879.62,-0.0013,-1.169999999999959
2019-07-23,888.26,0.0098,8.639999999999986
2019-07-24,887.39,-0.001,-0.8700000000000045
2019-07-25,890.41,0.0034000000000000002,3.019999999999982
2019-07-26,887.84,-0.0029,-2.5699999999999363
2019-07-29,888.54,0.0008,0.6999999999999318
2019-07-30,877.92,-0.012,-10.620000000000005
2019-07-31,883.19,0.006,5.2700000000000955
2019-08-01,887.39,0.0048,4.199999999999932
2019-08-02,885.29,-0.0024,-2.1000000000000227
2019-08-05,872.39,-0.0146,-12.899999999999977
2019-08-06,866.13,-0.0072,-6.259999999999991
2019-08-07,868.27,0.0025,2.1399999999999864
2019-08-08,875.81,0.0087,7.539999999999964
2019-08-09,878.62,0.0032,2.810000000000059
2019-08-12,882.23,0.0040999999999999995,3.6100000000000136
2019-08-13,877.97,-0.0048,-4.259999999999991
2019-08-14,880.51,0.0029,2.5399999999999636
2019-08-15,890.78,0.011699999999999999,10.269999999999982
2019-08-16,892.44,0.0019,1.6600000000000819
2019-08-19,891.78,-0.0007000000000000001,-0.6600000000000819
2019-08-20,894.45,0.003,2.6700000000000728
2019-08-21,900.54,0.0068000000000000005,6.089999999999918
2019-08-22,901.29,0.0008,0.75
2019-08-23,900.53,-0.0008,-0.7599999999999909
2019-08-26,892.48,-0.0089,-8.049999999999955
2019-08-27,886.91,-0.0062,-5.57000000000005
2019-08-28,886.08,-0.0009,-0.8299999999999272
2019-08-29,889.13,0.0034000000000000002,3.0499999999999545
2019-08-30,892.51,0.0038,3.3799999999999955
2019-09-03,888.97,-0.004,-3.5399999999999636
2019-09-04,887.12,-0.0021,-1.8500000000000227
2019-09-05,886.1,-0.0011,-1.0199999999999818
2019-09-06,885.95,-0.0002,-0.14999999999997726
2019-09-09,885.61,-0.0004,-0.34000000000003183
2019-09-10,883.04,-0.0029,-2.57000000000005
2019-09-11,885.52,0.0028000000000000004,2.480000000000018
2019-09-12,894.32,0.009899999999999999,8.800000000000068
2019-09-13,905.05,0.012,10.729999999999905
2019-09-16,908.6,0.0039000000000000003,3.550000000000068
2019-09-17,912.38,0.0042,3.7799999999999727
2019-09-18,913.48,0.0012,1.1000000000000227
2019-09-19,918.88,0.0059,5.399999999999977
2019-09-20,915.16,-0.004,-3.7200000000000273
2019-09-23,909.98,-0.005699999999999999,-5.17999999999995
2019-09-24,910.76,0.0009,0.7799999999999727
2019-09-25,912.42,0.0018,1.6599999999999682
2019-09-26,918.1,0.0062,5.680000000000064
2019-09-27,924.83,0.0073,6.730000000000018
2019-09-30,922.89,-0.0021,-1.9400000000000546
2019-10-01,926.31,0.0037,3.419999999999959
2019-10-02,919.73,-0.0070999999999999995,-6.579999999999927
2019-10-03,921.7,0.0021,1.9700000000000273
2019-10-04,915.16,-0.0070999999999999995,-6.540000000000077
2019-10-07,907.5,-0.0084,-7.659999999999968
2019-10-08,915.27,0.0086,7.769999999999982
2019-10-09,914.54,-0.0008,-0.7300000000000182
2019-10-10,913.05,-0.0016,-1.490000000000009
2019-10-11,916.68,0.004,3.6299999999999955
2019-10-14,921.91,0.005699999999999999,5.230000000000018
2019-10-15,923.27,0.0015,1.3600000000000136
2019-10-16,924.64,0.0015,1.3700000000000045
2019-10-17,919.1,-0.006,-5.539999999999964
2019-10-18,919.13,0.0,0.029999999999972715
2019-10-21,914.0,-0.005600000000000001,-5.1299999999999955
2019-10-22,916.81,0.0031,2.8099999999999454
2019-10-23,919.61,0.0031,2.800000000000068
2019-10-24,925.25,0.0060999999999999995,5.639999999999986
2019-10-25,927.05,0.0019,1.7999999999999545
2019-10-28,925.97,-0.0012,-1.0799999999999272
2019-10-29,923.97,-0.0022,-2.0
2019-10-30,925.07,0.0012,1.1000000000000227
2019-10-31,922.68,-0.0026,-2.3900000000001
2019-11-01,933.55,0.0118,10.870000000000005
2019-11-04,940.25,0.0072,6.7000000000000455
2019-11-05,942.34,0.0022,2.090000000000032
2019-11-06,942.38,0.0,0.03999999999996362
2019-11-07,944.25,0.002,1.8700000000000045
2019-11-08,944.7,0.0005,0.4500000000000455
2019-11-11,939.72,-0.0053,-4.980000000000018
2019-11-12,939.82,0.0001,0.10000000000002274
2019-11-13,932.6,-0.0077,-7.220000000000027
2019-11-14,928.44,-0.0045000000000000005,-4.159999999999968
2019-11-15,927.36,-0.0012,-1.080000000000041
2019-11-18,920.95,-0.0069,-6.409999999999968
2019-11-19,926.07,0.005600000000000001,5.1200000000000045
2019-11-20,917.0,-0.0098,-9.07000000000005
2019-11-21,898.23,-0.020499999999999997,-18.769999999999982
2019-11-22,892.31,-0.0066,-5.920000000000073
2019-11-25,894.8,0.0028000000000000004,2.490000000000009
2019-11-26,897.5,0.003,2.7000000000000455
2019-11-27,895.06,-0.0027,-2.4400000000000546
2019-11-28,885.7,-0.0105,-9.3599999999999
2019-11-29,887.47,0.002,1.7699999999999818
2019-12-02,875.1,-0.0139,-12.370000000000005
2019-12-03,868.68,-0.0073,-6.420000000000073
2019-12-04,883.56,0.0171,14.879999999999995
2019-12-05,879.32,-0.0048,-4.239999999999895
2019-12-06,880.43,0.0013,1.1099999999999
2019-12-09,879.94,-0.0006,-0.4899999999998954
2019-12-10,873.16,-0.0077,-6.780000000000086
2019-12-11,878.27,0.0059,5.110000000000014
2019-12-12,884.8,0.0074,6.529999999999973
2019-12-13,880.55,-0.0048,-4.25
2019-12-16,876.65,-0.0044,-3.8999999999999773
2019-12-17,867.44,-0.0105,-9.209999999999923
2019-12-18,863.16,-0.0049,-4.280000000000086
2019-12-19,862.23,-0.0011,-0.92999999999995
2019-12-20,868.37,0.0070999999999999995,6.139999999999986
2019-12-23,868.2,-0.0002,-0.16999999999995907
2019-12-24,869.88,0.0019,1.67999999999995
2019-12-25,873.18,0.0038,3.2999999999999545
2019-12-26,872.07,-0.0013,-1.1099999999999
2019-12-27,876.38,0.0049,4.309999999999945
2019-12-30,880.29,0.0045000000000000005,3.909999999999968
2019-12-31,879.06,-0.0014000000000000002,-1.2300000000000182
2020-01-02,886.88,0.0089,7.82000000000005
2020-01-03,883.28,-0.0040999999999999995,-3.6000000000000227
2020-01-06,872.34,-0.0124,-10.93999999999994
2020-01-07,876.7,0.005,4.360000000000014
2020-01-08,865.18,-0.0131,-11.520000000000095
2020-01-09,877.76,0.014499999999999999,12.580000000000041
2020-01-10,885.52,0.0088,7.759999999999991
2020-01-13,881.79,-0.0042,-3.730000000000018
2020-01-14,884.77,0.0034000000000000002,2.980000000000018
2020-01-15,885.36,0.0007000000000000001,0.5900000000000318
2020-01-16,891.96,0.0075,6.600000000000023
2020-01-17,894.84,0.0032,2.8799999999999955
2020-01-20,897.4,0.0029,2.5599999999999454
2020-01-21,906.52,0.0102,9.120000000000005
2020-01-22,909.09,0.0028000000000000004,2.57000000000005
2020-01-30,875.82,-0.0366,-33.26999999999998
2020-01-31,848.63,-0.031,-27.190000000000055
2020-02-03,842.67,-0.006999999999999999,-5.960000000000036
2020-02-04,845.52,0.0034000000000000002,2.8500000000000227
2020-02-05,845.31,-0.0002,-0.21000000000003638
2020-02-06,862.86,0.0208,17.550000000000068
2020-02-07,863.49,0.0007000000000000001,0.6299999999999955
2020-02-10,852.87,-0.0123,-10.620000000000005
2020-02-11,856.39,0.0040999999999999995,3.519999999999982
2020-02-12,863.23,0.008,6.840000000000032
2020-02-13,864.16,0.0011,0.92999999999995
2020-02-14,865.86,0.002,1.7000000000000455
2020-02-17,866.27,0.0005,0.40999999999996817
2020-02-18,861.71,-0.0053,-4.559999999999945
2020-02-19,863.84,0.0025,2.1299999999999955
2020-02-20,871.4,0.0088,7.559999999999945
2020-02-21,868.89,-0.0029,-2.509999999999991
2020-02-24,837.4,-0.0362,-31.49000000000001
2020-02-25,849.58,0.014499999999999999,12.180000000000064
2020-02-26,841.68,-0.009300000000000001,-7.900000000000091
2020-02-27,848.34,0.0079,6.660000000000082
2020-02-28,831.97,-0.019299999999999998,-16.370000000000005
2020-03-02,835.42,0.0040999999999999995,3.449999999999932
2020-03-03,837.99,0.0031,2.57000000000005
2020-03-04,837.99,0.0,0.0
2020-03-05,839.12,0.0013,1.1299999999999955
2020-03-06,835.97,-0.0038,-3.1499999999999773
2020-03-09,782.85,-0.0635,-53.120000000000005
2020-03-10,789.51,0.0085,6.659999999999968
2020-03-11,758.16,-0.0397,-31.350000000000023
2020-03-12,719.21,-0.051399999999999994,-38.94999999999993
2020-03-13,716.65,-0.0036,-2.560000000000059
2020-03-16,698.18,-0.0258,-18.470000000000027
2020-03-17,699.73,0.0022,1.5500000000000682
2020-03-18,700.65,0.0013,0.9199999999999591
2020-03-19,679.55,-0.0301,-21.100000000000023
2020-03-20,673.7,-0.0086,-5.849999999999909
2020-03-23,632.86,-0.060599999999999994,-40.84000000000003
2020-03-24,625.43,-0.011699999999999999,-7.430000000000064
2020-03-25,652.31,0.043,26.879999999999995
2020-03-26,646.7,-0.0086,-5.6099999999999
2020-03-27,642.23,-0.0069,-4.470000000000027
2020-03-30,613.02,-0.0455,-29.210000000000036
2020-03-31,610.76,-0.0037,-2.259999999999991
2020-04-01,628.79,0.029500000000000002,18.029999999999973
2020-04-03,649.15,0.032400000000000005,20.360000000000014
2020-04-06,682.65,0.0516,33.5
2020-04-07,693.61,0.0161,10.960000000000036
2020-04-08,691.17,-0.0034999999999999996,-2.4400000000000546
2020-04-09,697.85,0.0097,6.680000000000064
2020-04-10,695.74,-0.003,-2.1100000000000136
2020-04-13,706.37,0.015300000000000001,10.629999999999995
2020-04-14,713.81,0.0105,7.439999999999941
2020-04-15,722.8,0.0126,8.990000000000009
2020-04-16,726.57,0.0052,3.7700000000000955
2020-04-17,734.98,0.0116,8.409999999999968
2020-04-20,736.31,0.0018,1.3299999999999272
2020-04-21,706.65,-0.0403,-29.659999999999968
2020-04-22,714.42,0.011000000000000001,7.769999999999982
2020-04-23,717.49,0.0043,3.07000000000005
2020-04-24,725.05,0.0105,7.559999999999945
2020-04-27,719.66,-0.0074,-5.389999999999986
2020-04-28,715.74,-0.0054,-3.919999999999959
2020-04-29,715.33,-0.0006,-0.40999999999996817
2020-05-04,709.35,-0.0084,-5.980000000000018
2020-05-05,711.01,0.0023,1.6599999999999682
2020-05-06,725.94,0.021,14.930000000000064
2020-05-07,739.98,0.019299999999999998,14.039999999999964
2020-05-08,760.15,0.0273,20.16999999999996
2020-05-11,777.13,0.0223,16.980000000000018
2020-05-12,782.45,0.0068000000000000005,5.32000000000005
2020-05-13,783.69,0.0016,1.240000000000009
2020-05-14,780.73,-0.0038,-2.9600000000000364
2020-05-15,773.95,-0.0087,-6.779999999999973
2020-05-18,787.27,0.0172,13.319999999999936
2020-05-19,799.31,0.015300000000000001,12.039999999999964
2020-05-20,803.32,0.005,4.010000000000105
2020-05-21,815.55,0.0152,12.229999999999905
2020-05-22,803.14,-0.0152,-12.409999999999968
2020-05-25,807.25,0.0051,4.110000000000014
2020-05-26,815.01,0.0096,7.759999999999991
2020-05-27,801.36,-0.0167,-13.649999999999977
2020-05-28,804.06,0.0034000000000000002,2.699999999999932
2020-05-29,806.23,0.0027,2.1700000000000728
2020-06-01,821.47,0.0189,15.240000000000009
2020-06-02,818.7,-0.0034000000000000002,-2.769999999999982
2020-06-03,824.29,0.0068000000000000005,5.589999999999918
2020-06-04,823.77,-0.0006,-0.5199999999999818
2020-06-05,826.47,0.0033,2.7000000000000455
2020-06-08,838.52,0.0146,12.049999999999955
2020-06-09,837.02,-0.0018,-1.5
2020-06-10,839.11,0.0025,2.090000000000032
2020-06-11,806.87,-0.0384,-32.24000000000001
2020-06-12,807.76,0.0011,0.8899999999999864
2020-06-15,778.71,-0.036000000000000004,-29.049999999999955
2020-06-16,798.82,0.0258,20.110000000000014
2020-06-17,796.43,-0.003,-2.3900000000001
2020-06-18,797.08,0.0008,0.650000000000091
2020-06-19,808.28,0.0141,11.199999999999932
2020-06-22,809.97,0.0021,1.6900000000000546
2020-06-23,807.61,-0.0029,-2.3600000000000136
2020-06-24,801.62,-0.0074,-5.990000000000009
2020-06-25,796.51,-0.0064,-5.110000000000014
2020-06-26,795.53,-0.0012,-0.9800000000000182
2020-06-29,774.81,-0.026000000000000002,-20.720000000000027
2020-06-30,770.53,-0.0055000000000000005,-4.279999999999973
2020-07-01,786.82,0.021099999999999997,16.290000000000077
2020-07-02,785.59,-0.0016,-1.2300000000000182
2020-07-03,789.87,0.0054,4.279999999999973
2020-07-06,803.46,0.0172,13.590000000000032
2020-07-07,805.68,0.0028000000000000004,2.2199999999999136
2020-07-08,805.06,-0.0008,-0.6200000000000045
2020-07-09,817.08,0.0149,12.020000000000095
2020-07-10,809.02,-0.009899999999999999,-8.06000000000006
2020-07-13,806.17,-0.0034999999999999996,-2.8500000000000227
2020-07-14,805.37,-0.001,-0.7999999999999545
2020-07-15,810.16,0.0059,4.789999999999964
2020-07-16,819.83,0.011899999999999999,9.670000000000073
2020-07-17,814.16,-0.0069,-5.670000000000073
2020-07-20,803.36,-0.013300000000000001,-10.799999999999955
2020-07-21,804.7,0.0017000000000000001,1.3400000000000318
2020-07-22,797.85,-0.0085,-6.850000000000023
2020-07-23,800.29,0.0031,2.439999999999941
2020-07-24,772.29,-0.035,-28.0
2020-07-27,729.93,-0.0548,-42.360000000000014
2020-07-28,756.17,0.0359,26.24000000000001
2020-07-29,735.16,-0.0278,-21.00999999999999
2020-07-30,746.02,0.0148,10.860000000000014
2020-07-31,740.73,-0.0070999999999999995,-5.289999999999964
2020-08-03,757.86,0.0231,17.129999999999995
2020-08-04,768.22,0.0137,10.360000000000014
2020-08-05,780.71,0.0163,12.490000000000009
2020-08-06,781.6,0.0011,0.8899999999999864
2020-08-07,782.15,0.0007000000000000001,0.5499999999999545
2020-08-10,784.3,0.0027,2.1499999999999773
2020-08-11,784.57,0.0003,0.2700000000000955
2020-08-12,788.42,0.0049,3.849999999999909
2020-08-13,795.09,0.0085,6.670000000000073
2020-08-14,791.98,-0.0039000000000000003,-3.1100000000000136
2020-08-17,791.54,-0.0006,-0.44000000000005457
2020-08-18,786.95,-0.0058,-4.589999999999918
2020-08-19,789.41,0.0031,2.4599999999999227
2020-08-20,786.11,-0.0042,-3.2999999999999545
2020-08-21,793.6,0.0095,7.490000000000009
2020-08-24,809.69,0.0203,16.090000000000032
2020-08-25,815.18,0.0068000000000000005,5.489999999999895
2020-08-26,812.36,-0.0034999999999999996,-2.8199999999999363
2020-08-27,814.55,0.0027,2.189999999999941
2020-08-28,821.93,0.0091,7.3799999999999955
2020-08-31,823.93,0.0024,2.0
2020-09-01,832.03,0.0098,8.100000000000023
2020-09-03,843.64,0.013999999999999999,11.610000000000014
2020-09-04,840.54,-0.0037,-3.1000000000000227
2020-09-07,824.36,-0.0192,-16.17999999999995
2020-09-08,827.57,0.0039000000000000003,3.2100000000000364
2020-09-09,824.42,-0.0038,-3.150000000000091
2020-09-10,825.85,0.0017000000000000001,1.4300000000000637
2020-09-11,825.56,-0.0004,-0.2900000000000773
2020-09-14,832.24,0.008100000000000001,6.680000000000064
2020-09-15,833.33,0.0013,1.0900000000000318
2020-09-16,834.5,0.0014000000000000002,1.169999999999959
2020-09-17,831.84,-0.0032,-2.659999999999968
2020-09-18,841.26,0.0113,9.419999999999959
2020-09-21,851.54,0.012199999999999999,10.279999999999973
2020-09-22,852.72,0.0014000000000000002,1.1800000000000637
2020-09-23,858.3,0.006500000000000001,5.579999999999927
2020-09-24,853.21,-0.0059,-5.089999999999918
2020-09-25,854.71,0.0018,1.5
2020-09-28,863.31,0.0101,8.599999999999909
2020-09-29,856.2,-0.008199999999999999,-7.1099999999999
2020-09-30,858.54,0.0027,2.339999999999918
2020-10-01,867.58,0.0105,9.040000000000077
2020-10-02,861.51,-0.006999999999999999,-6.07000000000005
2020-10-05,867.7,0.0072,6.190000000000055
2020-10-06,871.37,0.0042,3.669999999999959
2020-10-07,870.85,-0.0006,-0.5199999999999818
2020-10-08,869.82,-0.0012,-1.0299999999999727
2020-10-09,874.53,0.0054,4.709999999999923
2020-10-12,874.9,0.0004,0.37000000000000455
2020-10-13,878.35,0.0039000000000000003,3.4500000000000455
2020-10-14,892.15,0.015700000000000002,13.799999999999955
2020-10-15,899.2,0.0079,7.050000000000068
2020-10-16,901.59,0.0027,2.3899999999999864
2020-10-19,903.51,0.0021,1.919999999999959
2020-10-20,909.49,0.0066,5.980000000000018
2020-10-21,906.1,-0.0037,-3.3899999999999864
2020-10-22,918.3,0.013500000000000002,12.199999999999932
2020-10-23,930.3,0.0131,12.0
2020-10-26,919.56,-0.0115,-10.740000000000009
2020-10-27,915.46,-0.0045000000000000005,-4.099999999999909
2020-10-28,888.88,-0.028999999999999998,-26.58000000000004
2020-10-29,886.68,-0.0025,-2.2000000000000455
2020-10-30,892.55,0.0066,5.8700000000000045
2020-11-02,899.27,0.0075,6.720000000000027
2020-11-03,902.14,0.0032,2.8700000000000045
2020-11-04,905.48,0.0037,3.340000000000032
2020-11-05,903.64,-0.002,-1.8400000000000318
2020-11-06,902.91,-0.0008,-0.7300000000000182
2020-11-09,917.42,0.0161,14.509999999999991
2020-11-10,916.5,-0.001,-0.9199999999999591
2020-11-11,916.68,0.0002,0.17999999999994998
2020-11-12,923.0,0.0069,6.32000000000005
2020-11-13,931.2,0.0089,8.200000000000045
2020-11-16,915.97,-0.016399999999999998,-15.230000000000018
2020-11-17,934.65,0.0204,18.67999999999995
2020-11-18,937.67,0.0032,3.019999999999982
2020-11-19,944.92,0.0077,7.25
2020-11-20,950.89,0.0063,5.970000000000027
2020-11-23,960.03,0.0096,9.139999999999986
2020-11-24,959.61,-0.0004,-0.4199999999999591
2020-11-25,960.63,0.0011,1.0199999999999818
2020-11-26,964.16,0.0037,3.5299999999999727
2020-11-27,971.11,0.0072,6.9500000000000455
2020-11-30,965.89,-0.0054,-5.220000000000027
2020-12-01,976.35,0.0108,10.460000000000036
2020-12-02,979.95,0.0037,3.6000000000000227
2020-12-03,985.44,0.005600000000000001,5.490000000000009
2020-12-04,984.34,-0.0011,-1.1000000000000227
2020-12-07,992.01,0.0078000000000000005,7.669999999999959
2020-12-08,993.61,0.0016,1.6000000000000227
2020-12-09,1004.03,0.0105,10.419999999999959
2020-12-10,994.28,-0.0097,-9.75
2020-12-11,1008.65,0.014499999999999999,14.370000000000005
2020-12-14,1024.28,0.0155,15.629999999999995
2020-12-15,1013.02,-0.011000000000000001,-11.259999999999991
2020-12-16,1029.72,0.0165,16.700000000000045
2020-12-17,1016.95,-0.0124,-12.769999999999982
2020-12-18,1036.65,0.0194,19.700000000000045
2020-12-21,1049.71,0.0126,13.059999999999945
2020-12-22,1052.23,0.0024,2.519999999999982
2020-12-23,1045.7,-0.0062,-6.529999999999973
2020-12-24,1033.95,-0.011200000000000002,-11.75
2020-12-25,1052.13,0.0176,18.180000000000064
2020-12-28,1054.23,0.002,2.099999999999909
2020-12-29,1058.39,0.0039000000000000003,4.160000000000082
2020-12-30,1059.16,0.0007000000000000001,0.7699999999999818
2020-12-31,1070.77,0.011000000000000001,11.6099999999999
2021-01-04,1091.87,0.0197,21.09999999999991
2021-01-05,1104.3,0.011399999999999999,12.430000000000064
2021-01-06,1113.72,0.0085,9.420000000000073
2021-01-07,1130.59,0.0151,16.86999999999989
2021-01-08,1147.86,0.015300000000000001,17.269999999999982
2021-01-11,1163.4,0.013500000000000002,15.540000000000191
2021-01-12,1169.03,0.0048,5.629999999999882
2021-01-13,1164.57,-0.0038,-4.460000000000036
2021-01-14,1168.99,0.0038,4.420000000000073
2021-01-15,1182.2,0.0113,13.210000000000036
2021-01-18,1173.34,-0.0075,-8.860000000000127
2021-01-19,1107.32,-0.056299999999999996,-66.01999999999998
2021-01-20,1116.21,0.008,8.8900000000001
2021-01-21,1151.3,0.031400000000000004,35.08999999999992
2021-01-22,1156.58,0.0046,5.279999999999973
2021-01-25,1154.29,-0.002,-2.2899999999999636
2021-01-26,1125.09,-0.0253,-29.200000000000045
2021-01-27,1083.63,-0.0369,-41.45999999999981
2021-01-28,1010.75,-0.0673,-72.88000000000011
2021-01-29,1048.31,0.037200000000000004,37.559999999999945
2021-02-01,1029.86,-0.0176,-18.450000000000045
2021-02-02,1079.7,0.0484,49.840000000000146
2021-02-03,1117.98,0.0355,38.27999999999997
2021-02-04,1117.74,-0.0002,-0.2400000000000091
2021-02-05,1135.5,0.0159,17.75999999999999
2021-02-08,1092.59,-0.0378,-42.91000000000008
2021-02-09,1129.49,0.0338,36.90000000000009
2021-02-17,1174.91,0.04019999999999999,45.42000000000007
2021-02-18,1187.94,0.0111,13.029999999999973
2021-02-19,1180.59,-0.0062,-7.350000000000136
2021-02-22,1180.55,0.0,-0.03999999999996362
2021-02-23,1182.47,0.0016,1.9200000000000728
2021-02-24,1167.18,-0.0129,-15.289999999999964
2021-02-25,1169.82,0.0023,2.6399999999998727
2021-02-26,1173.6,0.0032,3.7799999999999727
2021-03-01,1191.83,0.0155,18.230000000000018
2021-03-02,1194.71,0.0024,2.880000000000109
2021-03-03,1195.6,0.0007000000000000001,0.8899999999998727
2021-03-04,1174.29,-0.0178,-21.309999999999945
2021-03-05,1173.83,-0.0004,-0.4600000000000364
2021-03-08,1170.0,-0.0033,-3.8299999999999272
2021-03-09,1163.0,-0.006,-7.0
2021-03-10,1172.26,0.008,9.259999999999991
2021-03-11,1188.71,0.013999999999999999,16.450000000000045
2021-03-12,1187.81,-0.0008,-0.900000000000091
2021-03-15,1190.86,0.0026,3.0499999999999545
2021-03-16,1187.84,-0.0025,-3.019999999999982
2021-03-17,1193.45,0.004699999999999999,5.610000000000127
2021-03-18,1211.54,0.0152,18.089999999999918
2021-03-19,1203.36,-0.0068000000000000005,-8.180000000000064
2021-03-22,1198.54,-0.004,-4.819999999999936
2021-03-23,1186.98,-0.0096,-11.559999999999945
2021-03-24,1165.61,-0.018000000000000002,-21.37000000000012
2021-03-25,1164.64,-0.0008,-0.9699999999997999
2021-03-26,1167.19,0.0022,2.5499999999999545
2021-03-29,1180.07,0.011000000000000001,12.879999999999882
2021-03-30,1190.86,0.0091,10.789999999999964
2021-03-31,1196.24,0.0045000000000000005,5.380000000000109
2021-04-01,1226.16,0.025,29.920000000000073
2021-04-02,1238.03,0.0097,11.86999999999989
2021-04-05,1249.9,0.0096,11.870000000000118
2021-04-06,1255.36,0.0044,5.459999999999809
2021-04-07,1257.77,0.0019,2.410000000000082
2021-04-08,1251.81,-0.004699999999999999,-5.960000000000036
2021-04-09,1253.26,0.0012,1.4500000000000455
2021-04-12,1278.19,0.0199,24.930000000000064
2021-04-13,1277.35,-0.0007000000000000001,-0.8400000000001455
2021-04-14,1290.77,0.0105,13.420000000000073
2021-04-15,1284.2,-0.0051,-6.569999999999936
2021-04-16,1276.87,-0.005699999999999999,-7.330000000000155
2021-04-19,1306.22,0.023,29.350000000000136
2021-04-20,1312.68,0.0049,6.460000000000036
2021-04-22,1271.53,-0.0313,-41.15000000000009
2021-04-23,1301.39,0.0235,29.860000000000127
2021-04-26,1275.04,-0.0202,-26.350000000000136
2021-04-27,1283.81,0.0069,8.769999999999982
2021-04-28,1294.06,0.008,10.25
2021-04-29,1312.28,0.0141,18.220000000000027
2021-05-04,1328.03,0.012,15.75
2021-05-05,1346.89,0.014199999999999999,18.860000000000127
2021-05-06,1344.64,-0.0017000000000000001,-2.25
2021-05-07,1340.73,-0.0029,-3.910000000000082
2021-05-10,1370.66,0.0223,29.930000000000064
2021-05-11,1359.19,-0.0084,-11.470000000000027
2021-05-12,1380.17,0.0154,20.980000000000018
2021-05-13,1370.18,-0.0072,-9.990000000000009
2021-05-14,1380.02,0.0072,9.839999999999918
2021-05-17,1371.36,-0.0063,-8.660000000000082
2021-05-18,1378.59,0.0053,7.230000000000018
2021-05-19,1401.71,0.0168,23.12000000000012
2021-05-20,1424.92,0.0166,23.210000000000036
2021-05-21,1425.04,0.0001,0.11999999999989086
2021-05-24,1430.48,0.0038,5.440000000000055
2021-05-25,1444.01,0.0095,13.529999999999973
2021-05-26,1455.11,0.0077,11.099999999999909
2021-05-27,1437.38,-0.012199999999999999,-17.72999999999979
2021-05-28,1458.78,0.0149,21.399999999999864
2021-05-31,1474.78,0.011000000000000001,16.0
2021-06-01,1482.92,0.0055000000000000005,8.1400000000001
2021-06-02,1478.85,-0.0027,-4.070000000000164
2021-06-03,1504.37,0.0173,25.519999999999982
2021-06-04,1508.35,0.0026,3.980000000000018
2021-06-07,1484.1,-0.0161,-24.25
2021-06-08,1438.97,-0.0304,-45.12999999999988
2021-06-09,1457.76,0.0131,18.789999999999964
2021-06-10,1451.18,-0.0045000000000000005,-6.579999999999927
2021-06-11,1487.61,0.025099999999999997,36.429999999999836
2021-06-14,1495.51,0.0053,7.900000000000091
2021-06-15,1487.04,-0.005699999999999999,-8.470000000000027
2021-06-16,1465.58,-0.0144,-21.460000000000036
2021-06-17,1461.91,-0.0025,-3.6699999999998454
2021-06-18,1481.3,0.013300000000000001,19.389999999999873
2021-06-21,1478.29,-0.002,-3.009999999999991
2021-06-22,1489.24,0.0074,10.950000000000045
2021-06-23,1489.53,0.0002,0.2899999999999636
2021-06-24,1486.96,-0.0017000000000000001,-2.5699999999999363
2021-06-25,1500.3,0.009000000000000001,13.339999999999918
2021-06-28,1521.41,0.0141,21.110000000000127
2021-06-29,1529.97,0.005600000000000001,8.559999999999945
2021-06-30,1529.0,-0.0006,-0.9700000000000273
2021-07-01,1545.14,0.0106,16.1400000000001
2021-07-02,1554.59,0.0060999999999999995,9.449999999999818
2021-07-05,1557.41,0.0018,2.8200000000001637
2021-07-06,1488.42,-0.0443,-68.99000000000001
2021-07-07,1538.77,0.0338,50.34999999999991
2021-07-08,1521.21,-0.011399999999999999,-17.559999999999945
2021-07-09,1494.43,-0.0176,-26.779999999999973
2021-07-12,1443.1,-0.034300000000000004,-51.330000000000155
2021-07-13,1440.87,-0.0015,-2.230000000000018
2021-07-14,1410.3,-0.0212,-30.569999999999936
2021-07-15,1430.29,0.014199999999999999,19.99000000000001
2021-07-16,1438.05,0.0054,7.759999999999991
2021-07-19,1374.15,-0.0444,-63.899999999999864
2021-07-20,1411.02,0.0268,36.86999999999989
2021-07-21,1406.54,-0.0032,-4.480000000000018
2021-07-22,1428.48,0.015600000000000001,21.940000000000055
2021-07-23,1401.53,-0.0189,-26.950000000000045
2021-07-26,1403.96,0.0017000000000000001,2.4300000000000637
2021-07-27,1409.85,0.0042,5.889999999999873
2021-07-28,1407.5,-0.0017000000000000001,-2.349999999999909
2021-07-29,1427.55,0.014199999999999999,20.049999999999955
2021-07-30,1447.23,0.0138,19.680000000000064
2021-08-02,1448.21,0.0007000000000000001,0.9800000000000182
2021-08-03,1469.87,0.015,21.659999999999854
2021-08-04,1472.2,0.0016,2.3300000000001546
2021-08-05,1486.46,0.0097,14.259999999999991
2021-08-06,1476.79,-0.006500000000000001,-9.670000000000073
2021-08-09,1497.83,0.014199999999999999,21.039999999999964
2021-08-10,1494.41,-0.0023,-3.4199999999998454
2021-08-11,1487.91,-0.0043,-6.5
2021-08-12,1477.06,-0.0073,-10.850000000000136
2021-08-13,1484.25,0.0049,7.190000000000055
2021-08-16,1500.77,0.0111,16.519999999999982
2021-08-17,1494.12,-0.0044,-6.650000000000091
2021-08-18,1489.54,-0.0031,-4.579999999999927
2021-08-19,1505.01,0.0104,15.470000000000027
2021-08-20,1450.45,-0.0363,-54.559999999999945
2021-08-23,1412.0,-0.0265,-38.450000000000045
2021-08-24,1418.26,0.0044,6.259999999999991
2021-08-25,1428.51,0.0072,10.25
2021-08-26,1412.45,-0.011200000000000002,-16.059999999999945
2021-08-27,1418.57,0.0043,6.119999999999891
2021-08-30,1431.05,0.0088,12.480000000000018
2021-08-31,1428.66,-0.0017000000000000001,-2.3899999999998727
2021-09-01,1426.94,-0.0012,-1.7200000000000273
2021-09-06,1441.54,0.0102,14.599999999999909
2021-09-07,1444.1,0.0018,2.5599999999999454
2021-09-08,1433.71,-0.0072,-10.389999999999873
2021-09-09,1447.28,0.0095,13.569999999999936
2021-09-10,1448.33,0.0007000000000000001,1.0499999999999545
2021-09-13,1444.99,-0.0023,-3.339999999999918
2021-09-14,1438.16,-0.004699999999999999,-6.829999999999927
2021-09-15,1444.85,0.004699999999999999,6.689999999999827
2021-09-16,1448.98,0.0029,4.130000000000109
2021-09-17,1455.59,0.0046,6.6099999999999
2021-09-20,1458.66,0.0021,3.0700000000001637
2021-09-21,1446.22,-0.0085,-12.440000000000055
2021-09-22,1453.22,0.0048,7.0
2021-09-23,1458.23,0.0034000000000000002,5.009999999999991
2021-09-24,1459.94,0.0012,1.7100000000000364
2021-09-27,1439.2,-0.014199999999999999,-20.74000000000001
2021-09-28,1451.12,0.0083,11.919999999999845
2021-09-29,1450.52,-0.0004,-0.599999999999909
2021-09-30,1453.76,0.0022,3.240000000000009
2021-10-01,1441.83,-0.008199999999999999,-11.930000000000064
2021-10-04,1443.61,0.0012,1.7799999999999727
2021-10-05,1456.21,0.0087,12.600000000000136
2021-10-06,1461.72,0.0038,5.509999999999991
2021-10-07,1462.74,0.0007000000000000001,1.0199999999999818
2021-10-08,1476.54,0.009399999999999999,13.799999999999955
2021-10-11,1510.27,0.022799999999999997,33.73000000000002
2021-10-12,1509.57,-0.0005,-0.7000000000000455
2021-10-13,1505.55,-0.0027,-4.019999999999982
2021-10-14,1503.38,-0.0014000000000000002,-2.1699999999998454
2021-10-15,1504.84,0.001,1.459999999999809
2021-10-18,1510.49,0.0038,5.650000000000091
2021-10-19,1507.19,-0.0022,-3.2999999999999545
2021-10-20,1505.03,-0.0014000000000000002,-2.160000000000082
2021-10-21,1489.26,-0.0105,-15.769999999999982
2021-10-22,1488.71,-0.0004,-0.5499999999999545
2021-10-25,1476.97,-0.0079,-11.740000000000009
2021-10-26,1482.62,0.0038,5.649999999999864
2021-10-27,1516.46,0.022799999999999997,33.840000000000146
2021-10-28,1529.26,0.0084,12.799999999999955
2021-10-29,1532.35,0.002,3.089999999999918
2021-11-01,1516.75,-0.0102,-15.599999999999909
2021-11-02,1521.35,0.003,4.599999999999909
2021-11-03,1530.65,0.0060999999999999995,9.300000000000182
2021-11-04,1528.21,-0.0016,-2.4400000000000546
2021-11-05,1531.76,0.0023,3.5499999999999545
2021-11-08,1535.66,0.0025,3.900000000000091
2021-11-09,1527.13,-0.005600000000000001,-8.529999999999973
2021-11-10,1523.79,-0.0022,-3.3400000000001455
2021-11-11,1514.36,-0.0062,-9.430000000000064
2021-11-12,1527.94,0.009000000000000001,13.580000000000155
2021-11-15,1528.68,0.0005,0.7400000000000091
2021-11-16,1517.22,-0.0075,-11.460000000000036
2021-11-17,1519.58,0.0016,2.3599999999999
2021-11-18,1503.42,-0.0106,-16.159999999999854
2021-11-19,1500.05,-0.0022,-3.3700000000001182
2021-11-22,1517.04,0.0113,16.99000000000001
2021-11-23,1533.12,0.0106,16.079999999999927
2021-11-24,1565.29,0.021,32.17000000000007
2021-11-25,1572.46,0.0046,7.170000000000073
2021-11-26,1566.55,-0.0038,-5.910000000000082
2021-11-29,1553.04,-0.0086,-13.509999999999991
2021-11-30,1537.59,-0.009899999999999999,-15.450000000000045
2021-12-01,1549.81,0.0079,12.220000000000027
2021-12-02,1540.88,-0.0058,-8.929999999999836
2021-12-03,1503.98,-0.0239,-36.90000000000009
2021-12-06,1480.92,-0.015300000000000001,-23.059999999999945
2021-12-07,1512.62,0.021400000000000002,31.699999999999818
2021-12-08,1516.16,0.0023,3.540000000000191
2021-12-09,1529.61,0.0089,13.449999999999818
2021-12-10,1519.46,-0.0066,-10.149999999999864
2021-12-13,1520.8,0.0009,1.3399999999999181
2021-12-14,1516.44,-0.0029,-4.3599999999999
2021-12-15,1519.42,0.002,2.980000000000018
2021-12-16,1510.17,-0.0060999999999999995,-9.25
2021-12-17,1513.56,0.0022,3.3899999999998727
2021-12-20,1513.6,0.0,0.03999999999996362
2021-12-21,1511.48,-0.0014000000000000002,-2.119999999999891
2021-12-22,1504.12,-0.0049,-7.360000000000127
2021-12-23,1477.37,-0.0178,-26.75
2021-12-24,1506.67,0.019799999999999998,29.300000000000182
2021-12-27,1514.55,0.0052,7.879999999999882
2021-12-28,1523.54,0.0059,8.990000000000009
2021-12-29,1515.94,-0.005,-7.599999999999909
2021-12-30,1519.62,0.0024,3.6799999999998363
2021-12-31,1535.71,0.0106,16.090000000000146
2022-01-04,1558.87,0.0151,23.159999999999854
2022-01-05,1546.01,-0.008199999999999999,-12.8599999999999
2022-01-06,1544.95,-0.0007000000000000001,-1.0599999999999454
2022-01-07,1532.24,-0.008199999999999999,-12.710000000000036
2022-01-10,1514.7,-0.011399999999999999,-17.539999999999964
2022-01-11,1499.74,-0.009899999999999999,-14.960000000000036
2022-01-12,1530.04,0.0202,30.299999999999955
2022-01-13,1526.43,-0.0024,-3.6099999999999
2022-01-14,1523.57,-0.0019,-2.8600000000001273
2022-01-17,1478.61,-0.029500000000000002,-44.960000000000036
2022-01-18,1477.06,-0.001,-1.5499999999999545
2022-01-19,1482.55,0.0037,5.490000000000009
2022-01-20,1492.81,0.0069,10.259999999999991
2022-01-21,1502.16,0.0063,9.350000000000136
2022-01-24,1471.31,-0.020499999999999997,-30.850000000000136
2022-01-25,1516.16,0.0305,44.850000000000136
2022-01-26,1525.31,0.006,9.149999999999864
2022-01-27,1516.57,-0.005699999999999999,-8.740000000000009
2022-01-28,1532.24,0.0103,15.670000000000073
2022-02-07,1541.25,0.0059,9.009999999999991
2022-02-08,1550.46,0.006,9.210000000000036
2022-02-09,1552.44,0.0013,1.9800000000000182
2022-02-10,1548.95,-0.0022,-3.490000000000009
2022-02-11,1545.92,-0.002,-3.0299999999999727
2022-02-14,1505.07,-0.0264,-40.850000000000136
2022-02-15,1527.36,0.0148,22.289999999999964
2022-02-16,1521.47,-0.0039000000000000003,-5.889999999999873
2022-02-17,1540.51,0.0125,19.039999999999964
2022-02-18,1531.47,-0.0059,-9.039999999999964
2022-02-21,1533.4,0.0013,1.9300000000000637
2022-02-22,1532.36,-0.0007000000000000001,-1.040000000000191
2022-02-23,1538.83,0.0042,6.470000000000027
2022-02-24,1522.04,-0.0109,-16.789999999999964
2022-02-25,1526.5,0.0029,4.460000000000036
2022-02-28,1517.18,-0.0060999999999999995,-9.319999999999936
2022-03-01,1520.12,0.0019,2.939999999999827
2022-03-02,1498.61,-0.014199999999999999,-21.50999999999999
2022-03-03,1522.49,0.0159,23.88000000000011
2022-03-04,1525.34,0.0019,2.849999999999909
2022-03-07,1509.12,-0.0106,-16.220000000000027
2022-03-08,1490.17,-0.0126,-18.949999999999818
2022-03-09,1489.25,-0.0006,-0.9200000000000728
2022-03-10,1490.24,0.0007000000000000001,0.9900000000000091
2022-03-11,1477.14,-0.0088,-13.099999999999909
2022-03-14,1461.1,-0.0109,-16.04000000000019
2022-03-15,1468.89,0.0053,7.790000000000191
2022-03-16,1472.69,0.0026,3.7999999999999545
2022-03-17,1469.92,-0.0019,-2.769999999999982
2022-03-18,1476.94,0.0048,7.019999999999982
2022-03-21,1502.67,0.0174,25.730000000000018
2022-03-22,1513.4,0.0070999999999999995,10.730000000000018
2022-03-23,1505.59,-0.0052,-7.810000000000173
2022-03-24,1497.44,-0.0054,-8.149999999999864
2022-03-25,1498.36,0.0006,0.9199999999998454
2022-03-28,1484.16,-0.0095,-14.199999999999818
2022-03-29,1500.57,0.0111,16.409999999999854
2022-03-30,1500.23,-0.0002,-0.33999999999991815
2022-03-31,1508.53,0.0055000000000000005,8.299999999999955
2022-04-01,1542.47,0.0225,33.940000000000055
2022-04-04,1548.04,0.0036,5.569999999999936
2022-04-05,1539.2,-0.005699999999999999,-8.839999999999918
2022-04-06,1557.11,0.0116,17.909999999999854
2022-04-07,1541.96,-0.0097,-15.149999999999864
2022-04-08,1524.31,-0.011399999999999999,-17.65000000000009
2022-04-12,1507.2,-0.011200000000000002,-17.1099999999999
2022-04-13,1525.39,0.0121,18.190000000000055
2022-04-14,1518.01,-0.0048,-7.380000000000109
2022-04-15,1493.74,-0.016,-24.269999999999982
2022-04-18,1468.25,-0.0171,-25.49000000000001
2022-04-19,1440.61,-0.018799999999999997,-27.6400000000001
2022-04-20,1435.5,-0.0034999999999999996,-5.1099999999999
2022-04-21,1426.87,-0.006,-8.63000000000011
2022-04-22,1444.32,0.012199999999999999,17.450000000000045
2022-04-25,1366.39,-0.054000000000000006,-77.92999999999984
2022-04-26,1396.9,0.0223,30.50999999999999
2022-04-27,1402.03,0.0037,5.129999999999882
2022-04-28,1400.88,-0.0008,-1.1499999999998636
2022-04-29,1417.31,0.011699999999999999,16.429999999999836
2022-05-04,1389.59,-0.0196,-27.720000000000027
2022-05-05,1404.88,0.011000000000000001,15.290000000000191
2022-05-06,1373.21,-0.0225,-31.670000000000073
2022-05-09,1314.04,-0.0431,-59.17000000000007
2022-05-10,1345.46,0.0239,31.420000000000073
2022-05-11,1349.82,0.0032,4.3599999999999
2022-05-12,1279.76,-0.0519,-70.05999999999995
2022-05-13,1223.76,-0.0438,-56.0
2022-05-16,1215.08,-0.0070999999999999995,-8.680000000000064
2022-05-17,1279.55,0.053099999999999994,64.47000000000003
2022-05-18,1286.41,0.0054,6.860000000000127
2022-05-19,1283.55,-0.0022,-2.8600000000001273
2022-05-20,1282.51,-0.0008,-1.0399999999999636
2022-05-23,1255.35,-0.0212,-27.160000000000082
2022-05-24,1272.71,0.0138,17.360000000000127
2022-05-25,1310.7,0.0298,37.99000000000001
2022-05-26,1309.5,-0.0009,-1.2000000000000455
2022-05-27,1335.68,0.02,26.180000000000064
2022-05-30,1342.87,0.0054,7.189999999999827
2022-05-31,1332.59,-0.0077,-10.279999999999973
2022-06-01,1335.49,0.0022,2.900000000000091
2022-06-02,1325.49,-0.0075,-10.0
2022-06-03,1327.4,0.0014000000000000002,1.9100000000000819
2022-06-06,1327.04,-0.0003,-0.36000000000012733
2022-06-07,1324.37,-0.002,-2.6700000000000728
2022-06-08,1342.03,0.013300000000000001,17.660000000000082
2022-06-09,1342.92,0.0007000000000000001,0.8900000000001
2022-06-10,1325.69,-0.0128,-17.230000000000018
2022-06-13,1260.85,-0.0489,-64.84000000000015
2022-06-14,1261.16,0.0002,0.3100000000001728
2022-06-15,1253.09,-0.0064,-8.070000000000164
2022-06-16,1280.37,0.0218,27.279999999999973
2022-06-17,1258.03,-0.0174,-22.339999999999918
2022-06-20,1225.56,-0.0258,-32.47000000000003
2022-06-21,1224.54,-0.0008,-1.0199999999999818
2022-06-22,1227.18,0.0022,2.6400000000001
2022-06-23,1240.58,0.0109,13.399999999999864
2022-06-24,1235.47,-0.0040999999999999995,-5.1099999999999
2022-06-27,1256.67,0.0172,21.200000000000045
2022-06-28,1273.41,0.013300000000000001,16.74000000000001
2022-06-29,1273.4,0.0,-0.009999999999990905
2022-06-30,1248.92,-0.0192,-24.480000000000018
2022-07-01,1252.24,0.0027,3.3199999999999363
2022-07-04,1248.37,-0.0031,-3.8700000000001182
2022-07-05,1242.05,-0.0051,-6.319999999999936
2022-07-06,1211.94,-0.0242,-30.1099999999999
2022-07-07,1229.23,0.0143,17.289999999999964
2022-07-08,1231.54,0.0019,2.3099999999999454
2022-07-11,1209.02,-0.0183,-22.519999999999982
2022-07-12,1219.44,0.0086,10.420000000000073
2022-07-13,1216.94,-0.0021,-2.5
2022-07-14,1221.94,0.0040999999999999995,5.0
2022-07-15,1220.14,-0.0015,-1.7999999999999545
2022-07-18,1214.28,-0.0048,-5.860000000000127
2022-07-19,1211.7,-0.0021,-2.5799999999999272
2022-07-20,1225.62,0.0115,13.919999999999845
2022-07-21,1235.25,0.0079,9.63000000000011
2022-07-22,1228.84,-0.0052,-6.410000000000082
2022-07-25,1222.6,-0.0051,-6.240000000000009
2022-07-26,1218.49,-0.0034000000000000002,-4.1099999999999
2022-07-27,1219.43,0.0008,0.9400000000000546
2022-07-28,1236.14,0.0137,16.710000000000036
2022-07-29,1232.0,-0.0033,-4.1400000000001
2022-08-01,1256.25,0.0197,24.25
2022-08-02,1265.97,0.0077,9.720000000000027
2022-08-03,1269.83,0.003,3.8599999999999
2022-08-04,1277.73,0.0062,7.900000000000091
2022-08-05,1272.06,-0.0044,-5.670000000000073
2022-08-08,1276.7,0.0036,4.6400000000001
2022-08-09,1281.44,0.0037,4.740000000000009
2022-08-10,1277.15,-0.0033,-4.289999999999964
2022-08-11,1272.33,-0.0038,-4.820000000000164
2022-08-12,1280.96,0.0068000000000000005,8.63000000000011
2022-08-15,1293.79,0.01,12.829999999999927
2022-08-16,1295.1,0.001,1.3099999999999454
2022-08-17,1300.4,0.0040999999999999995,5.300000000000182
2022-08-18,1299.93,-0.0004,-0.4700000000000273
2022-08-19,1294.93,-0.0038,-5.0
2022-08-22,1285.45,-0.0073,-9.480000000000018
2022-08-23,1292.0,0.0051,6.5499999999999545
2022-08-24,1296.41,0.0034000000000000002,4.410000000000082
2022-08-25,1311.55,0.011699999999999999,15.139999999999873
2022-08-26,1306.81,-0.0036,-4.740000000000009
2022-08-29,1293.25,-0.0104,-13.559999999999945
2022-08-30,1298.14,0.0038,4.8900000000001
2022-08-31,1301.44,0.0025,3.2999999999999545
2022-09-05,1298.15,-0.0025,-3.2899999999999636
2022-09-06,1299.06,0.0007000000000000001,0.9099999999998545
2022-09-07,1268.95,-0.0232,-30.1099999999999
2022-09-08,1265.57,-0.0027,-3.380000000000109
2022-09-09,1275.64,0.008,10.070000000000164
2022-09-12,1275.6,0.0,-0.040000000000190994
2022-09-13,1272.48,-0.0024,-3.119999999999891
2022-09-14,1260.88,-0.0091,-11.599999999999909
2022-09-15,1262.82,0.0015,1.9399999999998272
2022-09-16,1252.78,-0.008,-10.039999999999964
2022-09-19,1229.88,-0.0183,-22.899999999999864
2022-09-20,1241.07,0.0091,11.189999999999827
2022-09-21,1228.2,-0.0104,-12.86999999999989
2022-09-22,1228.94,0.0006,0.7400000000000091
2022-09-23,1215.41,-0.011000000000000001,-13.529999999999973
2022-09-26,1187.22,-0.0232,-28.190000000000055
2022-09-27,1182.46,-0.004,-4.759999999999991
2022-09-28,1160.66,-0.0184,-21.799999999999955
2022-09-29,1147.44,-0.011399999999999999,-13.220000000000027
2022-09-30,1152.01,0.004,4.569999999999936
2022-10-03,1102.0,-0.0434,-50.00999999999999
2022-10-04,1097.72,-0.0039000000000000003,-4.279999999999973
2022-10-05,1117.38,0.0179,19.660000000000082
2022-10-06,1081.36,-0.0322,-36.02000000000021
2022-10-07,1039.54,-0.0387,-41.819999999999936
2022-10-10,1038.93,-0.0006,-0.6099999999999
2022-10-11,1001.68,-0.0359,-37.250000000000114
2022-10-12,1034.93,0.0332,33.250000000000114
2022-10-13,1051.24,0.0158,16.309999999999945
2022-10-14,1061.39,0.0097,10.150000000000091
2022-10-17,1047.2,-0.0134,-14.190000000000055
2022-10-18,1059.06,0.0113,11.8599999999999
2022-10-19,1053.65,-0.0051,-5.4099999999998545
2022-10-20,1053.26,-0.0004,-0.39000000000010004
2022-10-21,1010.57,-0.0405,-42.68999999999994
2022-10-24,973.88,-0.0363,-36.690000000000055
2022-10-25,991.52,0.0181,17.639999999999986
2022-10-26,990.41,-0.0011,-1.1100000000000136
2022-10-27,1028.5,0.0385,38.09000000000003
2022-10-28,1029.49,0.001,0.9900000000000091
2022-10-31,1026.84,-0.0026,-2.650000000000091
2022-11-01,1038.09,0.011000000000000001,11.25
2022-11-02,1025.18,-0.0124,-12.909999999999854
2022-11-03,1023.8,-0.0013,-1.3800000000001091
2022-11-04,997.92,-0.0253,-25.879999999999995
2022-11-07,972.85,-0.025099999999999997,-25.069999999999936
2022-11-08,980.09,0.0074,7.240000000000009
2022-11-09,979.68,-0.0004,-0.41000000000008185
2022-11-10,936.8,-0.0438,-42.879999999999995
2022-11-11,948.86,0.0129,12.06000000000006
2022-11-14,936.31,-0.0132,-12.550000000000068
2022-11-15,904.77,-0.0337,-31.539999999999964
2022-11-16,940.29,0.0393,35.51999999999998
2022-11-17,971.04,0.0327,30.75
2022-11-18,971.2,0.0002,0.16000000000008185
2022-11-21,956.89,-0.0147,-14.31000000000006
2022-11-22,945.54,-0.011899999999999999,-11.350000000000023
2022-11-23,938.73,-0.0072,-6.809999999999945
2022-11-24,940.76,0.0022,2.0299999999999727
2022-11-25,967.49,0.028399999999999998,26.730000000000018
2022-11-28,1004.34,0.0381,36.85000000000002
2022-11-29,1029.04,0.0246,24.699999999999932
2022-11-30,1049.21,0.0196,20.170000000000073
2022-12-01,1042.64,-0.0063,-6.569999999999936
2022-12-02,1092.99,0.0483,50.34999999999991
2022-12-05,1110.94,0.016399999999999998,17.950000000000045
2022-12-06,1054.06,-0.0512,-56.88000000000011
2022-12-07,1047.58,-0.0060999999999999995,-6.480000000000018
2022-12-08,1062.73,0.014499999999999999,15.150000000000091
2022-12-09,1065.08,0.0022,2.349999999999909
2022-12-12,1037.42,-0.026000000000000002,-27.659999999999854
2022-12-13,1056.43,0.0183,19.00999999999999
2022-12-14,1056.17,-0.0002,-0.2599999999999909
2022-12-15,1068.08,0.0113,11.909999999999854
2022-12-16,1064.07,-0.0038,-4.009999999999991
2022-12-19,1050.22,-0.013000000000000001,-13.849999999999909
2022-12-20,1029.79,-0.0195,-20.430000000000064
2022-12-21,1033.1,0.0032,3.3099999999999454
2022-12-22,1038.34,0.0051,5.240000000000009
2022-12-23,1034.13,-0.0040999999999999995,-4.209999999999809
2022-12-26,987.77,-0.044800000000000006,-46.36000000000013
2022-12-27,1007.36,0.019799999999999998,19.590000000000032
2022-12-28,1013.95,0.006500000000000001,6.590000000000032
2022-12-29,1008.3,-0.005600000000000001,-5.650000000000091
2022-12-30,1005.19,-0.0031,-3.1099999999999
2023-01-03,1047.25,0.0418,42.059999999999945
2023-01-04,1050.15,0.0028000000000000004,2.900000000000091
2023-01-05,1061.9,0.011200000000000002,11.75
2023-01-06,1057.4,-0.0042,-4.5
2023-01-09,1061.14,0.0034999999999999996,3.740000000000009
2023-01-10,1060.53,-0.0006,-0.6100000000001273
2023-01-11,1065.22,0.0044,4.690000000000055
2023-01-12,1066.24,0.001,1.0199999999999818
2023-01-13,1069.86,0.0034000000000000002,3.619999999999891
2023-01-16,1075.71,0.0055000000000000005,5.850000000000136
2023-01-17,1103.73,0.026000000000000002,28.019999999999982
2023-01-18,1115.72,0.0109,11.990000000000009
2023-01-19,1121.92,0.005600000000000001,6.2000000000000455
2023-01-27,1130.65,0.0078000000000000005,8.730000000000018
2023-01-30,1113.95,-0.0148,-16.700000000000045
2023-01-31,1125.07,0.01,11.11999999999989
2023-02-01,1088.09,-0.0329,-36.98000000000002
2023-02-02,1093.48,0.005,5.3900000000001
2023-02-03,1085.7,-0.0070999999999999995,-7.779999999999973
2023-02-06,1094.37,0.008,8.669999999999845
2023-02-07,1069.5,-0.0227,-24.86999999999989
2023-02-08,1073.38,0.0036,3.880000000000109
2023-02-09,1059.91,-0.0125,-13.470000000000027
2023-02-10,1048.74,-0.0105,-11.170000000000073
2023-02-13,1040.4,-0.008,-8.339999999999918
2023-02-14,1034.93,-0.0053,-5.470000000000027
2023-02-15,1043.34,0.008100000000000001,8.409999999999854
2023-02-16,1055.26,0.011399999999999999,11.920000000000073
2023-02-17,1053.72,-0.0015,-1.5399999999999636
2023-02-20,1087.36,0.0319,33.63999999999987
2023-02-21,1080.9,-0.0059,-6.459999999999809
2023-02-22,1051.08,-0.0276,-29.820000000000164
2023-02-23,1050.95,-0.0001,-0.12999999999988177
2023-02-24,1030.42,-0.0195,-20.529999999999973
2023-02-27,1011.46,-0.0184,-18.960000000000036
2023-02-28,1014.96,0.0034999999999999996,3.5
2023-03-01,1034.43,0.0192,19.470000000000027
2023-03-02,1028.73,-0.0055000000000000005,-5.7000000000000455
2023-03-03,1013.35,-0.015,-15.379999999999995
2023-03-06,1014.26,0.0009,0.9099999999999682
2023-03-07,1027.16,0.0127,12.900000000000091
2023-03-08,1040.59,0.0131,13.429999999999836
2023-03-09,1050.28,0.009300000000000001,9.690000000000055
2023-03-10,1047.2,-0.0029,-3.0799999999999272
2023-03-13,1050.07,0.0027,2.869999999999891
2023-03-14,1037.35,-0.0121,-12.720000000000027
2023-03-15,1064.38,0.026099999999999998,27.0300000000002
2023-03-16,1046.99,-0.0163,-17.3900000000001
2023-03-17,1047.71,0.0007000000000000001,0.7200000000000273
2023-03-20,1024.5,-0.0222,-23.210000000000036
2023-03-21,1035.04,0.0103,10.539999999999964
2023-03-22,1043.14,0.0078000000000000005,8.100000000000136
2023-03-23,1046.6,0.0033,3.459999999999809
2023-03-24,1051.42,0.0046,4.820000000000164
2023-03-27,1056.45,0.0048,5.029999999999973
2023-03-28,1058.82,0.0022,2.369999999999891
2023-03-29,1061.45,0.0025,2.630000000000109
2023-03-30,1067.24,0.0055000000000000005,5.789999999999964
2023-03-31,1073.68,0.006,6.440000000000055
2023-04-03,1088.72,0.013999999999999999,15.039999999999964
2023-04-04,1088.34,-0.0003,-0.38000000000010914
2023-04-05,1089.83,0.0014000000000000002,1.490000000000009
2023-04-06,1078.86,-0.0101,-10.970000000000027
2023-04-07,1078.88,0.0,0.020000000000209184
2023-04-10,1077.41,-0.0014000000000000002,-1.4700000000000273
2023-04-11,1081.71,0.004,4.2999999999999545
2023-04-12,1080.69,-0.0009,-1.0199999999999818
2023-04-13,1074.67,-0.005600000000000001,-6.019999999999982
2023-04-14,1063.43,-0.0105,-11.240000000000009
2023-04-17,1065.02,0.0015,1.5899999999999181
2023-04-18,1064.55,-0.0004,-0.4700000000000273
2023-04-19,1056.14,-0.0079,-8.409999999999854
2023-04-20,1053.61,-0.0024,-2.5300000000002
2023-04-21,1046.18,-0.0070999999999999995,-7.429999999999836
2023-04-24,1046.17,0.0,-0.009999999999990905
2023-04-25,1037.04,-0.0087,-9.13000000000011
2023-04-26,1045.24,0.0079,8.200000000000045
2023-04-27,1041.54,-0.0034999999999999996,-3.7000000000000455
2023-04-28,1051.43,0.0095,9.8900000000001
2023-05-04,1039.64,-0.011200000000000002,-11.789999999999964
2023-05-05,1038.46,-0.0011,-1.1800000000000637
2023-05-08,1049.72,0.0108,11.259999999999991
2023-05-09,1049.67,0.0,-0.049999999999954525
2023-05-10,1054.99,0.0051,5.319999999999936
2023-05-11,1054.93,-0.0001,-0.05999999999994543
2023-05-12,1066.44,0.0109,11.509999999999991
2023-05-15,1070.9,0.0042,4.460000000000036
2023-05-16,1069.64,-0.0012,-1.259999999999991
2023-05-17,1062.1,-0.006999999999999999,-7.540000000000191
2023-05-18,1070.76,0.008199999999999999,8.660000000000082
2023-05-19,1068.84,-0.0018,-1.9200000000000728
2023-05-22,1073.74,0.0046,4.900000000000091
2023-05-23,1068.05,-0.0053,-5.690000000000055
2023-05-24,1061.55,-0.0060999999999999995,-6.5
2023-05-25,1062.15,0.0006,0.6000000000001364
2023-05-26,1060.81,-0.0013,-1.3400000000001455
2023-05-29,1069.77,0.0084,8.960000000000036
2023-05-30,1071.82,0.0019,2.0499999999999545
2023-05-31,1066.33,-0.0051,-5.490000000000009
2023-06-01,1068.09,0.0017000000000000001,1.759999999999991
2023-06-02,1086.96,0.0177,18.87000000000012
2023-06-05,1091.08,0.0038,4.119999999999891
2023-06-06,1102.32,0.0103,11.240000000000009
2023-06-07,1105.68,0.003,3.3600000000001273
2023-06-08,1092.46,-0.012,-13.220000000000027
2023-06-09,1100.85,0.0077,8.389999999999873
2023-06-12,1109.63,0.008,8.7800000000002
2023-06-13,1115.39,0.0052,5.759999999999991
2023-06-14,1110.6,-0.0043,-4.790000000000191
2023-06-15,1108.57,-0.0018,-2.0299999999999727
2023-06-16,1109.06,0.0004,0.4900000000000091
2023-06-19,1098.94,-0.0091,-10.11999999999989
2023-06-20,1104.27,0.0049,5.329999999999927
2023-06-21,1112.07,0.0070999999999999995,7.7999999999999545
2023-06-22,1117.6,0.005,5.529999999999973
2023-06-23,1126.76,0.008199999999999999,9.160000000000082
2023-06-26,1131.23,0.004,4.470000000000027
2023-06-27,1134.41,0.0028000000000000004,3.1800000000000637
2023-06-28,1141.12,0.0059,6.709999999999809
2023-06-29,1125.29,-0.0139,-15.829999999999927
2023-06-30,1123.13,-0.0019,-2.1599999999998545
2023-07-03,1123.37,0.0002,0.23999999999978172
2023-07-04,1128.0,0.0040999999999999995,4.630000000000109
2023-07-05,1129.76,0.0016,1.759999999999991
2023-07-06,1119.44,-0.0091,-10.319999999999936
2023-07-07,1129.43,0.0089,9.990000000000009
2023-07-10,1143.16,0.012199999999999999,13.730000000000018
2023-07-11,1146.67,0.0031,3.509999999999991
2023-07-12,1146.54,-0.0001,-0.13000000000010914
2023-07-13,1156.11,0.0083,9.569999999999936
2023-07-14,1160.59,0.0039000000000000003,4.480000000000018
2023-07-17,1164.58,0.0034000000000000002,3.990000000000009
2023-07-18,1166.82,0.0019,2.240000000000009
2023-07-19,1165.19,-0.0014000000000000002,-1.6299999999998818
2023-07-20,1168.26,0.0026,3.0699999999999363
2023-07-21,1186.6,0.015700000000000002,18.339999999999918
2023-07-24,1193.14,0.0055000000000000005,6.540000000000191
2023-07-25,1198.01,0.0040999999999999995,4.869999999999891
2023-07-26,1201.43,0.0029,3.4200000000000728
2023-07-27,1199.68,-0.0015,-1.75
2023-07-28,1212.45,0.0106,12.769999999999982
2023-07-31,1230.81,0.0151,18.3599999999999
2023-08-01,1222.18,-0.006999999999999999,-8.629999999999882
2023-08-02,1221.32,-0.0007000000000000001,-0.8600000000001273
2023-08-03,1210.8,-0.0086,-10.519999999999982
2023-08-04,1231.42,0.017,20.62000000000012
2023-08-07,1250.68,0.015600000000000001,19.25999999999999
2023-08-08,1247.81,-0.0023,-2.8700000000001182
2023-08-09,1239.84,-0.0064,-7.970000000000027
2023-08-10,1226.2,-0.011000000000000001,-13.639999999999873
2023-08-11,1240.77,0.011899999999999999,14.569999999999936
2023-08-14,1243.43,0.0021,2.660000000000082
2023-08-15,1241.24,-0.0018,-2.1900000000000546
2023-08-16,1256.95,0.0127,15.710000000000036
2023-08-17,1247.82,-0.0073,-9.13000000000011
2023-08-18,1190.1,-0.0463,-57.72000000000003
2023-08-21,1190.32,0.0002,0.22000000000002728
2023-08-22,1193.51,0.0027,3.1900000000000546
2023-08-23,1182.97,-0.0088,-10.539999999999964
2023-08-24,1201.88,0.016,18.910000000000082
2023-08-25,1193.93,-0.0066,-7.9500000000000455
2023-08-28,1213.4,0.0163,19.470000000000027
2023-08-29,1215.47,0.0017000000000000001,2.0699999999999363
2023-08-30,1225.56,0.0083,10.089999999999918
2023-08-31,1234.53,0.0073,8.970000000000027
2023-09-05,1244.64,0.008199999999999999,10.110000000000127
2023-09-06,1260.03,0.0124,15.389999999999873
2023-09-07,1255.22,-0.0038,-4.809999999999945
2023-09-08,1249.14,-0.0048,-6.079999999999927
2023-09-11,1230.71,-0.0148,-18.430000000000064
2023-09-12,1255.83,0.0204,25.11999999999989
2023-09-13,1247.95,-0.0063,-7.879999999999882
2023-09-14,1234.06,-0.0111,-13.8900000000001
2023-09-15,1238.81,0.0038,4.75
2023-09-18,1223.7,-0.012199999999999999,-15.1099999999999
2023-09-19,1225.5,0.0015,1.7999999999999545
2023-09-20,1234.57,0.0074,9.069999999999936
2023-09-21,1219.19,-0.0125,-15.379999999999882
2023-09-22,1197.69,-0.0176,-21.5
2023-09-25,1159.94,-0.0315,-37.75
2023-09-26,1153.37,-0.005699999999999999,-6.570000000000164
2023-09-27,1168.6,0.0132,15.230000000000018
2023-09-28,1164.45,-0.0036,-4.149999999999864
2023-09-29,1166.26,0.0016,1.8099999999999454
2023-10-02,1167.13,0.0007000000000000001,0.8700000000001182
2023-10-03,1130.89,-0.0311,-36.24000000000001
2023-10-04,1138.54,0.0068000000000000005,7.649999999999864
2023-10-05,1124.48,-0.0123,-14.059999999999945
2023-10-06,1139.78,0.013600000000000001,15.299999999999955
2023-10-09,1150.37,0.009300000000000001,10.589999999999918
2023-10-10,1160.28,0.0086,9.910000000000082
2023-10-11,1167.29,0.006,7.009999999999991
2023-10-12,1165.49,-0.0015,-1.7999999999999545
2023-10-13,1166.66,0.001,1.1700000000000728
2023-10-16,1153.21,-0.0115,-13.450000000000045
2023-10-17,1141.03,-0.0106,-12.180000000000064
2023-10-18,1125.56,-0.013600000000000001,-15.470000000000027
2023-10-19,1104.89,-0.0184,-20.669999999999845
2023-10-20,1123.69,0.017,18.799999999999955
2023-10-23,1106.85,-0.015,-16.840000000000146
2023-10-24,1117.12,0.009300000000000001,10.269999999999982
2023-10-25,1113.32,-0.0034000000000000002,-3.7999999999999545
2023-10-26,1064.95,-0.0434,-48.36999999999989
2023-10-27,1067.57,0.0025,2.619999999999891
2023-10-30,1047.63,-0.0187,-19.939999999999827
2023-10-31,1039.38,-0.0079,-8.25
2023-11-01,1051.65,0.0118,12.269999999999982
2023-11-02,1087.5,0.0341,35.84999999999991
2023-11-03,1086.19,-0.0012,-1.3099999999999454
2023-11-06,1103.52,0.016,17.329999999999927
2023-11-07,1092.71,-0.0098,-10.809999999999945
2023-11-08,1129.95,0.0341,37.24000000000001
2023-11-09,1122.95,-0.0062,-7.0
2023-11-10,1109.05,-0.0124,-13.900000000000091
2023-11-13,1106.72,-0.0021,-2.3299999999999272
2023-11-14,1119.28,0.0113,12.559999999999945
2023-11-15,1131.9,0.0113,12.620000000000118
2023-11-16,1132.6,0.0006,0.6999999999998181
2023-11-17,1103.53,-0.025699999999999997,-29.069999999999936
2023-11-20,1102.85,-0.0006,-0.6800000000000637
2023-11-21,1108.6,0.0052,5.75
2023-11-22,1109.8,0.0011,1.2000000000000455
2023-11-23,1082.68,-0.024399999999999998,-27.11999999999989
2023-11-24,1087.34,0.0043,4.6599999999998545
2023-11-27,1078.42,-0.008199999999999999,-8.919999999999845
2023-11-28,1088.51,0.009399999999999999,10.089999999999918
2023-11-29,1093.16,0.0043,4.650000000000091
2023-11-30,1081.7,-0.0105,-11.460000000000036
2023-12-01,1090.39,0.008,8.690000000000055
2023-12-04,1107.16,0.0154,16.769999999999982
2023-12-05,1100.42,-0.0060999999999999995,-6.740000000000009
2023-12-06,1109.27,0.008,8.849999999999909
2023-12-07,1111.35,0.0019,2.0799999999999272
2023-12-08,1114.89,0.0032,3.540000000000191
2023-12-11,1117.34,0.0022,2.449999999999818
2023-12-12,1121.21,0.0034999999999999996,3.8700000000001182
2023-12-13,1106.83,-0.0128,-14.38000000000011
2023-12-14,1104.49,-0.0021,-2.339999999999918
2023-12-15,1097.4,-0.0064,-7.089999999999918
